Workbook
Name _\A: #REF!
Name _\q: #REF!
Name _\x: #REF!
Name __\A: #REF!
Name __\q: #REF!
Name __\x: #REF!
Name ___\A: #REF!
Name ___\q: #REF!
Name ____\A: #REF!
Name ____\q: #REF!
Name _____\A: #REF!
Name _____\q: #REF!
Name ______\A: #REF!
Name ______\q: #REF!
Name _______\A: #REF!
Name _______\q: #REF!
Name ___jum1: #REF!
Name ___jum1: #REF!
Name ___jum10: #REF!
Name ___jum10: #REF!
Name ___jum2: #REF!
Name ___jum2: #REF!
Name ___jum3: #REF!
Name ___jum3: #REF!
Name ___jum4: #REF!
Name ___jum4: #REF!
Name ___jum5: #REF!
Name ___jum5: #REF!
Name ___jum6: #REF!
Name ___jum6: #REF!
Name ___jum7: #REF!
Name ___jum7: #REF!
Name ___jum8: #REF!
Name ___jum8: #REF!
Name ___jum9: #REF!
Name ___jum9: #REF!
Name __1A: #REF!
Name __1A: #REF!
Name __jum1: #REF!
Name __jum1: #REF!
Name __jum10: #REF!
Name __jum10: #REF!
Name __jum2: #REF!
Name __jum2: #REF!
Name __jum3: #REF!
Name __jum3: #REF!
Name __jum4: #REF!
Name __jum4: #REF!
Name __jum5: #REF!
Name __jum5: #REF!
Name __jum6: #REF!
Name __jum6: #REF!
Name __jum7: #REF!
Name __jum7: #REF!
Name __jum8: #REF!
Name __jum8: #REF!
Name __jum9: #REF!
Name __jum9: #REF!
Name _1A: #REF!
Name _1A: #REF!

Sheet COVER
A9: S
C10: PROYEK PENGEMBANGAN GENERAL REPAIR & BODY REPAIR DAIHATSU
C11: BATAM- KEPULAUAN RIAU
C39: MINGGU KE -3
C40: PERIODE : 19- 27 April 2026

Sheet REKAP TOTAL
B1: REKAPITULASI PEK. STRUKTUR ARSITEKTUR, MEKANIKAL ELEKTRIKAL | E1: PROGRESS MINGGUAN
B2: PROYEK SHOWROOM & WORKSHOP
B3: DAIHATSU Cabang BATAM-KEPULAUAN RIAU
B4: PT. ASTRA INTERNATIONAL Tbk
B5: PERIODE : 6- 18 April2026
B6: MINGGU KE 2 (Dua)
B9: No. | C9: URAIAN PEKERJAAN | E9: TOTAL HARGA | F9: SUB TOTAL | G9: Bobot | I9: Progres Minggu lalu | L9: Progres Minggu ini | O9: S/D Progres Minggu ini | Q9: Ket.
E10: ( Rp. ) | H10: Volume | I10: Progres (%) | J10: Bobot | K10: Volume | L10: Progres (%) | M10: Bobot | N10: Volume | O10: Progres (%) | P10: Bobot
B12: I | D12: ='I. PERSIAPAN'!D13 -> PEKERJAAN PERSIAPAN | F12: ='I. PERSIAPAN'!I13 -> 1.2302705e+09 | G12: =F12/F44 -> 0.10118113 | I12: =+J12*G12 -> 0.0012159631 | J12: =+'I. PERSIAPAN'!M38 -> 0.012017687 | L12: =+M12*G12 -> 0.00018451542 | M12: =+'I. PERSIAPAN'!P38 -> 0.0018236149 | O12: =+P12*G12 -> 0.0014004785 | P12: =+'I. PERSIAPAN'!S38 -> 0.013841302
B14: II | D14: ='II.PEK. LUAR'!D11 -> PEKERJAAN LUAR | F14: =SUM(E14:E20) -> 1.6429951e+09 | G14: =F14/F44 -> 0.13512483
C15: ='II.PEK. LUAR'!C13 -> A | D15: ='II.PEK. LUAR'!D13 -> PEKERJAAN BONGKARAN | E15: ='II.PEK. LUAR'!I13 -> 99063135 | G15: =E15/F44 -> 0.0081472485 | I15: =+J15*G15 -> 0 | J15: =+'II.PEK. LUAR'!M13 -> 0 | L15: =+M15*G15 -> 0 | M15: =+'I. PERSIAPAN'!P41 -> 0 | O15: =+P15*G15 -> 0 | P15: =+'I. PERSIAPAN'!S41 -> 0
C16: ='II.PEK. LUAR'!C14 -> B | D16: ='II.PEK. LUAR'!D14 -> PEKERJAAN SALURAN | E16: ='II.PEK. LUAR'!I14 -> 2.7474589e+08 | G16: =E16/F44 -> 0.022595923 | I16: =+J16*G16 -> 0 | J16: =+'II.PEK. LUAR'!M14 -> 0 | L16: =+M16*G16 -> 0 | M16: =+'I. PERSIAPAN'!P42 -> 0 | O16: =+P16*G16 -> 0 | P16: =+'I. PERSIAPAN'!S42 -> 0
C17: C | D17: ='II.PEK. LUAR'!D15 -> PEKERJAAN PAVING BLOCK, EX. LOKAL / SNI | E17: ='II.PEK. LUAR'!I15 -> 773081348 | G17: =E17/F44 -> 0.063580522 | I17: =+J17*G17 -> 0 | J17: =+'II.PEK. LUAR'!M15 -> 0 | L17: =+M17*G17 -> 0 | M17: =+'I. PERSIAPAN'!P43 -> 0 | O17: =+P17*G17 -> 0 | P17: =+'I. PERSIAPAN'!S43 -> 0
C18: D | D18: ='II.PEK. LUAR'!D16 -> PEKERJAAN LAIN-LAIN | E18: ='II.PEK. LUAR'!I16 -> 64413739 | G18: =E18/F44 -> 0.0052975785 | I18: =+J18*G18 -> 0 | J18: =+'II.PEK. LUAR'!M16 -> 0 | L18: =+M18*G18 -> 0 | M18: =+'I. PERSIAPAN'!P44 -> 0 | O18: =+P18*G18 -> 0 | P18: =+'I. PERSIAPAN'!S44 -> 0
C19: E | D19: PEKERJAAN MEKANIKAL | E19: ='REKAP ME'!C11 -> 2.0200201e+08 | G19: =E19/F44 -> 0.01661325 | I19: =+J19*G19 -> 0 | J19: =+'I. Mek. Infrastruktur'!K59 -> 0 | L19: =+M19*G19 -> 0 | M19: =+'I. PERSIAPAN'!P45 -> 0 | O19: =+P19*G19 -> 0 | P19: =+'I. PERSIAPAN'!S45 -> 0
C20: F | D20: PEKERJAAN ELEKTRIKAL | E20: ='REKAP ME'!C12 -> 2.2968894e+08 | G20: =E20/F44 -> 0.018890305 | I20: =+J20*G20 -> 0 | J20: =+'I. Elektrikal Infrastruktur'!K43 -> 0 | L20: =+M20*G20 -> 0 | M20: =+'I. PERSIAPAN'!P46 -> 0 | O20: =+P20*G20 -> 0 | P20: =+'I. PERSIAPAN'!S46 -> 0
B22: III | D22: PEKERJAAN BANGUNAN BODY REPAIR | F22: =SUM(E23:E28) -> 8.6730794e+09 | G22: =F22/F44 -> 0.71329998
C23: A | D23: PEKERJAAN STRUKTUR | E23: ='III.BODY REPAIR'!H25 -> 6.1240575e+09 | G23: =E23/F44 -> 0.5036608 | I23: =+J23*G23 -> 0 | J23: =+'I. PERSIAPAN'!M49 -> 0 | L23: =+M23*G23 -> 0 | M23: =+'I. PERSIAPAN'!P49 -> 0 | O23: =+P23*G23 -> 0 | P23: =+'I. PERSIAPAN'!S49 -> 0
C24: B | D24: PEKERJAAN ARSITEKTUR | E24: ='III.BODY REPAIR'!H39 -> 1.6782927e+09 | G24: =E24/F44 -> 0.13802781 | I24: =+J24*G24 -> 0 | J24: =+'I. PERSIAPAN'!M50 -> 0 | L24: =+M24*G24 -> 0 | M24: =+'I. PERSIAPAN'!P50 -> 0 | O24: =+P24*G24 -> 0 | P24: =+'I. PERSIAPAN'!S50 -> 0
C25: C | D25: PEKERJAAN MEKANIKAL | E25: ='REKAP ME'!C15 -> 3.8085344e+08 | G25: =E25/F44 -> 0.031322526 | I25: =+J25*G25 -> 0 | J25: =+'I. PERSIAPAN'!M51 -> 0 | L25: =+M25*G25 -> 0 | M25: =+'I. PERSIAPAN'!P51 -> 0 | O25: =+P25*G25 -> 0 | P25: =+'I. PERSIAPAN'!S51 -> 0
C26: D | D26: PEKERJAAN ELEKTRIKAL | E26: ='REKAP ME'!C16 -> 4.6950555e+08 | G26: =E26/F44 -> 0.03861354 | I26: =+J26*G26 -> 0 | J26: =+'I. PERSIAPAN'!M52 -> 0 | L26: =+M26*G26 -> 0 | M26: =+'I. PERSIAPAN'!P52 -> 0 | O26: =+P26*G26 -> 0 | P26: =+'I. PERSIAPAN'!S52 -> 0
C27: E | D27: PEKERJAAN ELEKTRONIK | E27: ='REKAP ME'!C17 -> 20370217 | G27: =E27/F44 -> 0.0016753076 | I27: =+J27*G27 -> 0 | J27: =+'I. PERSIAPAN'!M53 -> 0 | L27: =+M27*G27 -> 0 | M27: =+'I. PERSIAPAN'!P53 -> 0 | O27: =+P27*G27 -> 0 | P27: =+'I. PERSIAPAN'!S53 -> 0
B29: IV | D29: ='IV.GENERAL REPAIR'!E11 -> PEKERJAAN BANGUNAN GENERAL REPAIR | F29: =SUM(E29:E34) -> 4.2007629e+08 | G29: =F29/F44 -> 0.03454833
C30: A | D30: PEKERJAAN STRUKTUR | E30: ='IV.GENERAL REPAIR'!J19 -> 92303864 | G30: =E30/F44 -> 0.0075913458 | I30: =+J30*G30 -> 0 | J30: =+'I. PERSIAPAN'!M56 -> 0 | L30: =+M30*G30 -> 0 | M30: =+'I. PERSIAPAN'!P56 -> 0 | O30: =+P30*G30 -> 0 | P30: =+'I. PERSIAPAN'!S56 -> 0
C31: B | D31: PEKERJAAN ARSITEKTUR | E31: ='IV.GENERAL REPAIR'!J34 -> 2.6329055e+08 | G31: =E31/F44 -> 0.021653802 | I31: =+J31*G31 -> 0 | J31: =+'I. PERSIAPAN'!M57 -> 0 | L31: =+M31*G31 -> 0 | M31: =+'I. PERSIAPAN'!P57 -> 0 | O31: =+P31*G31 -> 0 | P31: =+'I. PERSIAPAN'!S57 -> 0
C32: C | D32: PEKERJAAN MEKANIKAL | E32: ='REKAP ME'!C20 -> 27712542 | G32: =E32/F44 -> 0.0022791624 | I32: =+J32*G32 -> 0 | J32: =+'I. PERSIAPAN'!M58 -> 0 | L32: =+M32*G32 -> 0 | M32: =+'I. PERSIAPAN'!P58 -> 0 | O32: =+P32*G32 -> 0 | P32: =+'I. PERSIAPAN'!S58 -> 0
C33: D | D33: PEKERJAAN ELEKTRIKAL | E33: ='REKAP ME'!C21 -> 36769336 | G33: =E33/F44 -> 0.0030240201 | I33: =+J33*G33 -> 0 | J33: =+'I. PERSIAPAN'!M59 -> 0 | L33: =+M33*G33 -> 0 | M33: =+'I. PERSIAPAN'!P59 -> 0 | O33: =+P33*G33 -> 0 | P33: =+'I. PERSIAPAN'!S59 -> 0
B35: V | D35: ='V.OFFICE & SHOWROOM'!E11 -> PEKERJAAN BANGUNAN OFFICE & SHOWROOM | F35: =SUM(E36:E37) -> 1.487523e+08 | G35: =F35/F44 -> 0.012233834
C36: A | D36: PEKERJAAN ARSITEKTUR | E36: ='V.OFFICE & SHOWROOM'!J25 -> 1.3530789e+08 | G36: =E36/F53 -> 0.09196798 | I36: =+J36*G36 -> 0 | J36: =+'I. PERSIAPAN'!M62 -> 0 | L36: =+M36*G36 -> 0 | M36: =+'I. PERSIAPAN'!P62 -> 0 | O36: =+P36*G36 -> 0 | P36: =+'I. PERSIAPAN'!S62 -> 0
C37: B | D37: PEKERJAAN ELEKTRIKAL | E37: ='REKAP ME'!C24 -> 13444408 | G37: =E37/F44 -> 0.0011057083 | I37: =+J37*G37 -> 0 | J37: =+'I. PERSIAPAN'!M63 -> 0 | L37: =+M37*G37 -> 0 | M37: =+'I. PERSIAPAN'!P63 -> 0 | O37: =+P37*G37 -> 0 | P37: =+'I. PERSIAPAN'!S63 -> 0
B39: VI | D39: ='VI.KONDISI EXISTING'!D11 -> PEKERJAAN KONDISI EXISTING | F39: =SUM(E40:E41) -> 43917400 | G39: =F39/F44 -> 0.0036118983
C40: A | D40: PEKERJAAN PEMBONGKARAN DAN PERBAIKAN | E40: ='VI.KONDISI EXISTING'!I18 -> 43917400 | G40: =E40/F44 -> 0.0036118983 | I40: =+J40*G40 -> 0 | J40: =+'I. PERSIAPAN'!M66 -> 0 | L40: =+M40*G40 -> 0 | M40: =+'I. PERSIAPAN'!P66 -> 0 | O40: =+P40*G40 -> 0 | P40: =+'I. PERSIAPAN'!S66 -> 0
B42: Total Pekerjaan | G42: =G12+G14+G22+G29+G35+G39 -> 1 | I42: =SUM(I12:I40) -> 0.0012159631 | J42: =SUM(J12:J41) -> 0.012017687 | L42: =SUM(L12:L41) -> 0.00018451542 | M42: =SUM(M12:M41) -> 0.0018236149 | O42: =SUM(O12:O41) -> 0.0014004785 | P42: =SUM(P12:P41) -> 0.013841302
D44: SUB TOTAL 1 | F44: =SUM(F12:F42) -> 1.2159091e+10
D46: PROFIT & OVERHEAD KONTRAKTOR | E46: 0.1 | F46: =F44*E46 -> 1.2159091e+09
D49: SUB TOTAL 2 | F49: =SUM(F44:F47) -> 1.3375e+10
D51: DIBULATKAN | F51: =ROUNDDOWN(F49,-6) -> 13375000000
D53: PPN | E53: 0.11 | F53: =E53*F51 -> 1471250000
D56: GRAND TOTAL | F56: =SUM(F51:F53) -> 14846250000
Q60: Batam ,27 April 2026
B61: Di setujui, | Q61: Di ajukan,
B62: PT. ARSITEK ARUPADATU | E62: PT. Espe Kontraktor Indo | J62: PT. Espe Kontraktor Indo | Q62: PT. Espe Kontraktor Indo
B66: Dony aditya | E66: TOTO SUSILO | J66: TOTO SUSILO | Q66: Dedy Dimyanto
B67: spv | E67: Site Manager | J67: Site Manager | Q67: Project Manager

Sheet I. PERSIAPAN
B1: PROGRESS MINGGUAN
B2: PROYEK SHOWROOM & WORKSHOP
B3: DAIHATSU Cabang BATAM-KEPULAUAN RIAU
B4: PT. ASTRA INTERNATIONAL Tbk
B5: PERIODE : 6- 18 April2026
B6: MINGGU KE 2 (Dua)
B8: NO | D8: URAIAN PEKERJAAN | E8: SAT | F8: VOLUME | G8: VOLUME KONTRAKTOR | H8: HARGA SAT | I8: JUMLAH HARGA | J8: Bobot | K8: Progres s/d Minggu Lalu | N8: Progres Minggu ini | Q8: Progres s/d Minggu ini | T8: Ket. | W8: Perhitungan volume di kolom ini
H9: ( Rp. ) | I9: ( Rp. ) | K9: Volume | L9: Progres (%) | M9: Bobot | N9: Volume | O9: Progres (%) | P9: Bobot | Q9: Volume | R9: Progres (%) | S9: Bobot
D11: REKAPITULASI
B13: I | D13: PEKERJAAN PERSIAPAN | I13: =$I$38 -> 1.2302705e+09 | J13: =I13/'REKAP TOTAL'!F44 -> 0.10118113
B16: I | D16: PEKERJAAN PERSIAPAN
B18: 1 | D18: Proyek Manajemen dan biaya - biaya administrasi lapangan | E18: ls | F18: 1 | G18: 1 | H18: 225000000 | I18: =$G18*H18 -> 225000000 | J18: =I18/'REKAP TOTAL'!F44 -> 0.018504673 | K18: 0.5 | L18: 0.5 | M18: 0.0092523364 | N18: =+Q18-K18 -> 0 | O18: =+R18-L18 -> 0 | P18: =+S18-M18 -> 0 | Q18: =+W18 -> 0.5 | R18: =+Q18/F18 -> 0.5 | S18: =+R18*J18 -> 0.0092523364 | W18: 0.5
D19: ( Staf kontraktor di site harus ada personil Safety Officer dan Quality Control )
B20: 2 | D20: Mobilisasi dan demobilisasi tenaga kerja dan peralatan, termasuk alat pancang, Alat bor, Scafolding dll | E20: ls | F20: 1 | G20: 1 | H20: 587645000 | I20: =$G20*H20 -> 587645000 | J20: =I20/'REKAP TOTAL'!F44 -> 0.048329682 | K20: 0 | L20: 0 | M20: 0 | N20: =+Q20-K20 -> 0 | O20: =+R20-L20 -> 0 | P20: =+S20-M20 -> 0 | Q20: =+W20 -> 0 | R20: =+Q20/F20 -> 0 | S20: =+R20*J20 -> 0 | W20: 0
B21: =B20+1 -> 3 | D21: Penjagaan dan perawatan jalan, pagar, trotoar yang ada | E21: ls | F21: 1 | G21: 1 | H21: 5000000 | I21: =$G21*H21 -> 5000000 | J21: =I21/'REKAP TOTAL'!F44 -> 0.00041121495 | K21: 0 | L21: 0 | M21: 0 | N21: =+Q21-K21 -> 0 | O21: =+R21-L21 -> 0 | P21: =+S21-M21 -> 0 | Q21: =+W21 -> 0 | R21: =+Q21/F21 -> 0 | S21: =+R21*J21 -> 0 | W21: 0
B22: =B21+1 -> 4 | D22: Keamanan lapangan selama pekerjaan berlangsung | E22: ls | F22: 1 | G22: 1 | H22: 35000000 | I22: =$G22*H22 -> 35000000 | J22: =I22/'REKAP TOTAL'!F44 -> 0.0028785047 | K22: 0.05 | L22: 0.05 | M22: 0.00014392523 | N22: =+Q22-K22 -> 0.05 | O22: =+R22-L22 -> 0.05 | P22: =+S22-M22 -> 0.00014392523 | Q22: =+W22 -> 0.1 | R22: =+Q22/F22 -> 0.1 | S22: =+R22*J22 -> 0.00028785047 | W22: 0.1
B23: =B22+1 -> 5 | D23: Sumber air kerja (dengan jet pump) berikut peralatan penunjang | E23: ls | F23: 1 | G23: 1 | H23: 15870000 | I23: =$G23*H23 -> 15870000 | J23: =I23/'REKAP TOTAL'!F44 -> 0.0013051963 | K23: 0 | L23: 0 | M23: 0 | N23: =+Q23-K23 -> 0.05 | O23: =+R23-L23 -> 0.05 | P23: =+S23-M23 -> 6.5259813e-05 | Q23: =+W23 -> 0.05 | R23: =+Q23/F23 -> 0.05 | S23: =+R23*J23 -> 6.5259813e-05 | W23: 0.05
B24: =B23+1 -> 6 | D24: Pengadaan sumber listrik kerja (dengan genset) berikut peralatan penunjang | E24: ls | F24: 1 | G24: 1 | H24: 69700000 | I24: =$G24*H24 -> 69700000 | J24: =I24/'REKAP TOTAL'!F44 -> 0.0057323364 | K24: 0 | L24: 0 | M24: 0 | N24: =+Q24-K24 -> 0.1 | O24: =+R24-L24 -> 0.1 | P24: =+S24-M24 -> 0.00057323364 | Q24: =+W24 -> 0.1 | R24: =+Q24/F24 -> 0.1 | S24: =+R24*J24 -> 0.00057323364 | W24: 0.1
B25: =B24+1 -> 7 | D25: Peralatan komunikasi (telepon, HT, dll) | E25: ls | F25: 1 | G25: 1 | H25: 10800000 | I25: =$G25*H25 -> 10800000 | J25: =I25/'REKAP TOTAL'!F44 -> 0.0008882243 | K25: 0 | L25: 0 | M25: 0 | N25: =+Q25-K25 -> 0 | O25: =+R25-L25 -> 0 | P25: =+S25-M25 -> 0 | Q25: =+W25 -> 0 | R25: =+Q25/F25 -> 0 | S25: =+R25*J25 -> 0 | W25: 0
B26: =B25+1 -> 8 | D26: Asuransi ( C.A.R, ASTEK dan Personal Incident 3 person ) | E26: ls | F26: 1 | G26: 1 | H26: 38300000 | I26: =$G26*H26 -> 38300000 | J26: =I26/'REKAP TOTAL'!F44 -> 0.0031499065 | K26: 0 | L26: 0 | M26: 0 | N26: =+Q26-K26 -> 0.2 | O26: =+R26-L26 -> 0.2 | P26: =+S26-M26 -> 0.00062998131 | Q26: =+W26 -> 0.2 | R26: =+Q26/F26 -> 0.2 | S26: =+R26*J26 -> 0.00062998131 | W26: 0.2
B27: =B26+1 -> 9 | D27: Pembuatan gambar kerja (shop drawing) & gambar terlaksana ( as built drawing ) | E27: ls | F27: 1 | G27: 1 | H27: 3200000 | I27: =$G27*H27 -> 3200000 | J27: =I27/'REKAP TOTAL'!F44 -> 0.00026317757 | K27: 0.05 | L27: 0.05 | M27: 1.3158878e-05 | N27: =+Q27-K27 -> 0 | O27: =+R27-L27 -> 0 | P27: =+S27-M27 -> 0 | Q27: =+W27 -> 0.05 | R27: =+Q27/F27 -> 0.05 | S27: =+R27*J27 -> 1.3158878e-05 | W27: 0.05
B28: 10 | D28: Peralatan Pengaman dan APD (sepatu boot, helm, fire extinguiser , dsb) | E28: ls | F28: 1 | G28: 1 | H28: 7400000 | I28: =$G28*H28 -> 7400000 | J28: =I28/'REKAP TOTAL'!F44 -> 0.00060859813 | K28: 0.1 | L28: 0.1 | M28: 6.0859813e-05 | N28: =+Q28-K28 -> 0 | O28: =+R28-L28 -> 0 | P28: =+S28-M28 -> 0 | Q28: =+W28 -> 0.1 | R28: =+Q28/F28 -> 0.1 | S28: =+R28*J28 -> 6.0859813e-05 | W28: 0.1
B29: =B28+1 -> 11 | D29: Testing material | E29: ls | F29: 1 | G29: 1 | H29: 20000000 | I29: =$G29*H29 -> 20000000 | J29: =I29/'REKAP TOTAL'!F44 -> 0.0016448598 | K29: 0 | L29: 0 | M29: 0 | N29: =+Q29-K29 -> 0 | O29: =+R29-L29 -> 0 | P29: =+S29-M29 -> 0 | Q29: =+W29 -> 0 | R29: =+Q29/F29 -> 0 | S29: =+R29*J29 -> 0 | W29: 0
B30: =B29+1 -> 12 | D30: Laporan Progres pekerjaan dilengkapi dengan dokumen photo, setiap minggu | E30: ls | F30: 1 | G30: 1 | H30: 3000000 | I30: =$G30*H30 -> 3000000 | J30: =I30/'REKAP TOTAL'!F44 -> 0.00024672897 | K30: 0.01 | L30: 0.01 | M30: 2.4672897e-06 | N30: =+Q30-K30 -> 0 | O30: =+R30-L30 -> 0 | P30: =+S30-M30 -> 0 | Q30: =+W30 -> 0.01 | R30: =+Q30/F30 -> 0.01 | S30: =+R30*J30 -> 2.4672897e-06 | W30: =+F30*0.01 -> 0.01
B31: =B30+1 -> 13 | D31: Pekerjaan Pengukuran yang diperlukan selama proyek berlangsung | E31: ls | F31: 1 | G31: 1 | H31: 4500000 | I31: =$G31*H31 -> 4500000 | J31: =I31/'REKAP TOTAL'!F44 -> 0.00037009346 | K31: 0.05 | L31: 0.05 | M31: 1.8504673e-05 | N31: =+Q31-K31 -> 0 | O31: =+R31-L31 -> 0 | P31: =+S31-M31 -> 0 | Q31: =+W31 -> 0.05 | R31: =+Q31/F31 -> 0.05 | S31: =+R31*J31 -> 1.8504673e-05 | W31: 0.05
B32: =B31+1 -> 14 | D32: Koordinasi Lingkungan dan Perijinan yang berkaitan dengan pelaksanaan diluar IMB | E32: ls | F32: 1 | G32: 1 | H32: 100000000 | I32: =$G32*H32 -> 100000000 | J32: =I32/'REKAP TOTAL'!F44 -> 0.008224299 | K32: 0 | L32: 0 | M32: 0 | N32: =+Q32-K32 -> 0.05 | O32: =+R32-L32 -> 0.05 | P32: =+S32-M32 -> 0.00041121495 | Q32: =+W32 -> 0.05 | R32: =+Q32/F32 -> 0.05 | S32: =+R32*J32 -> 0.00041121495 | W32: =+F32*0.05 -> 0.05
B33: =B32+1 -> 15 | D33: Kantor dan Gudang kontraktor sementara dan Los kerja , sesuai kebutuhan | E33: ls | F33: 1 | G33: 1 | H33: 31600000 | I33: =$G33*H33 -> 31600000 | J33: =I33/'REKAP TOTAL'!F44 -> 0.0025988785 | K33: 0.5 | L33: 0.5 | M33: 0.0012994392 | N33: =+Q33-K33 -> 0 | O33: =+R33-L33 -> 0 | P33: =+S33-M33 -> -1.9515639e-18 | Q33: =+W33 -> 0.5 | R33: =+Q33/F33 -> 0.5 | S33: =+R33*J33 -> 0.0012994392 | W33: =+F33*0.5 -> 0.5
B34: =B33+1 -> 16 | D34: Buangan material bongkaran keluar lokasi | E34: ls | F34: 1 | G34: 1 | H34: 5000000 | I34: =$G34*H34 -> 5000000 | J34: =I34/'REKAP TOTAL'!F44 -> 0.00041121495 | K34: 0 | L34: 0 | M34: 0 | N34: =+Q34-K34 -> 0 | O34: =+R34-L34 -> 0 | P34: =+S34-M34 -> 0 | Q34: =+W34 -> 0 | R34: =+Q34/F34 -> 0 | S34: =+R34*J34 -> 0 | W34: 0
B35: 17 | D35: Pagar sementara seng H=2,4 m fin oil paint + rangka + pintu gerbang selama konstruksi pentahapan area bengkel | E35: m' | F35: =107+17.202 -> 124.202 | G35: 124.202 | H35: 300300 | I35: =$G35*H35 -> 37297861 | J35: =I35/'REKAP TOTAL'!F44 -> 0.0030674876 | K35: 49.6808 | L35: 0.4 | M35: 0.001226995 | N35: =+Q35-K35 -> 0 | O35: =+R35-L35 -> 0 | P35: =+S35-M35 -> 3.9031278e-18 | Q35: =+W35 -> 49.6808 | R35: =+Q35/F35 -> 0.4 | S35: =+R35*J35 -> 0.001226995 | W35: =+F35*0.4 -> 49.6808
B36: 18 | D36: Jembatan temporary utk akses mobilisasi alat berat | E36: ls | F36: 1 | G36: 1 | H36: 30957665 | I36: =$G36*H36 -> 30957665 | J36: =I36/'REKAP TOTAL'!F44 -> 0.0025460509 | K36: 0 | L36: 0 | M36: 0 | N36: =+Q36-K36 -> 0 | O36: =+R36-L36 -> 0 | P36: =+S36-M36 -> 0 | Q36: =+W36 -> 0 | R36: =+Q36/F36 -> 0 | S36: =+R36*J36 -> 0 | W36: 0
D38: Total Pekerjaan Persiapan … | I38: =SUM(I17:I37) -> 1.2302705e+09 | J38: =I38/'REKAP TOTAL'!F44 -> 0.10118113 | M38: =SUM(M18:M37) -> 0.012017687 | P38: =SUM(P18:P37) -> 0.0018236149 | S38: =SUM(S18:S37) -> 0.013841302
D45: u

Sheet II.PEK. LUAR
B1: ='I. PERSIAPAN'!B1 -> PROGRESS MINGGUAN
B2: ='I. PERSIAPAN'!B2 -> PROYEK SHOWROOM & WORKSHOP
B3: ='I. PERSIAPAN'!B3 -> DAIHATSU Cabang BATAM-KEPULAUAN RIAU
B4: ='I. PERSIAPAN'!B4 -> PT. ASTRA INTERNATIONAL Tbk
B5: ='I. PERSIAPAN'!B5 -> PERIODE : 6- 18 April2026
B6: ='I. PERSIAPAN'!B6 -> MINGGU KE 2 (Dua)
B8: No | C8: URAIAN PEKERJAAN | E8: SAT | F8: VOLUME | G8: VOLUME KONTRAKTOR | H8: HARGA SAT ( Rp ) | I8: JUMLAH ( Rp ) | J8: Bobot | K8: Progres s/d Minggu Lalu | N8: Progres Minggu ini | Q8: Progres s/d Minggu ini | T8: Ket.
K9: Volume | L9: Progres (%) | M9: Bobot | N9: Volume | O9: Progres (%) | P9: Bobot | Q9: Volume | R9: Progres (%) | S9: Bobot
B11: II | D11: PEKERJAAN LUAR
C13: A | D13: =D18 -> PEKERJAAN BONGKARAN | I13: =$I$45 -> 99063135 | J13: =I13/'REKAP TOTAL'!F44 -> 0.0081472485
C14: B | D14: =D46 -> PEKERJAAN SALURAN | I14: =$I$56 -> 2.7474589e+08 | J14: =I14/'REKAP TOTAL'!F44 -> 0.022595923
C15: C | D15: =D58 -> PEKERJAAN PAVING BLOCK, EX. LOKAL / SNI | I15: =$I$68 -> 773081348 | J15: =I15/'REKAP TOTAL'!F44 -> 0.063580522
C16: D | D16: =D70 -> PEKERJAAN LAIN-LAIN | I16: =$I$87 -> 64413739 | J16: =I16/'REKAP TOTAL'!F44 -> 0.0052975785
J17: =SUM(J13:J16) -> 0.099621272
B18: A | D18: PEKERJAAN BONGKARAN
B20: 1 | D20: Area lantai basement (General repair)
D21: * R. Part Ex. Repair & samping stall 5 : Pekerjaan pembongkaran dinding, termasuk pintu | E21: m2 | F21: 76.6077 | G21: 76.6077 | H21: 130400 | I21: =$G21*H21 -> 9989644.1 | J21: =I21/'REKAP TOTAL'!F44 -> 0.0008215782 | K21: 0 | L21: 0 | M21: 0 | N21: =+Q21-K21 -> 0 | O21: =+R21-L21 -> 0 | P21: =+S21-M21 -> 0 | Q21: =+W21 -> 0 | R21: =+Q21/F21 -> 0 | S21: =+R21*J21 -> 0
D22: * R. Part Ex. Repair & R. G. part : Pekerjaan bobokan lantai existing | E22: m2 | F22: 58.46 | G22: 58.46 | H22: 172000 | I22: =$G22*H22 -> 10055120 | J22: =I22/'REKAP TOTAL'!F44 -> 0.00082696314 | K22: 0 | L22: 0 | M22: 0 | N22: =+Q22-K22 -> 0 | O22: =+R22-L22 -> 0 | P22: =+S22-M22 -> 0 | Q22: =+W22 -> 0 | R22: =+Q22/F22 -> 0 | S22: =+R22*J22 -> 0
D23: * Urinal / toilet mekanik : Pekerjaan bobokan dinding keramik existing | E23: m2 | F23: 28.6 | G23: 28.6 | H23: 101300 | I23: =$G23*H23 -> 2897180 | J23: =I23/'REKAP TOTAL'!F44 -> 0.00023827275 | K23: 0 | L23: 0 | M23: 0 | N23: =+Q23-K23 -> 0 | O23: =+R23-L23 -> 0 | P23: =+S23-M23 -> 0 | Q23: =+W23 -> 0 | R23: =+Q23/F23 -> 0 | S23: =+R23*J23 -> 0
D24: * Pekerjaan pembongkaran plafond, untuk :
D25: - R. Part Ex. Repair & R. G. part | E25: m2 | F25: 58.46 | G25: 58.46 | H25: 95300 | I25: =$G25*H25 -> 5571238 | J25: =I25/'REKAP TOTAL'!F44 -> 0.00045819527 | K25: 0 | L25: 0 | M25: 0 | N25: =+Q25-K25 -> 0 | O25: =+R25-L25 -> 0 | P25: =+S25-M25 -> 0 | Q25: =+W25 -> 0 | R25: =+Q25/F25 -> 0 | S25: =+R25*J25 -> 0
D26: - Urinal / toilet mekanik | E26: m2 | F26: 7.256 | G26: 7.256 | H26: 95300 | I26: =$G26*H26 -> 691496.8 | J26: =I26/'REKAP TOTAL'!F44 -> 5.6870765e-05 | K26: 0 | L26: 0 | M26: 0 | N26: =+Q26-K26 -> 0 | O26: =+R26-L26 -> 0 | P26: =+S26-M26 -> 0 | Q26: =+W26 -> 0 | R26: =+Q26/F26 -> 0 | S26: =+R26*J26 -> 0
D27: - R. part exclaim menjadi R. karu | E27: m2 | F27: 10 | G27: 10 | H27: 95300 | I27: =$G27*H27 -> 953000 | J27: =I27/'REKAP TOTAL'!F44 -> 7.837757e-05 | K27: 0 | L27: 0 | M27: 0 | N27: =+Q27-K27 -> 0 | O27: =+R27-L27 -> 0 | P27: =+S27-M27 -> 0 | Q27: =+W27 -> 0 | R27: =+Q27/F27 -> 0 | S27: =+R27*J27 -> 0
D28: - Smoking area menjadi R. security | E28: m2 | F28: 13.45 | G28: 13.45 | H28: 95300 | I28: =$G28*H28 -> 1281785 | J28: =I28/'REKAP TOTAL'!F44 -> 0.00010541783 | K28: 0 | L28: 0 | M28: 0 | N28: =+Q28-K28 -> 0 | O28: =+R28-L28 -> 0 | P28: =+S28-M28 -> 0 | Q28: =+W28 -> 0 | R28: =+Q28/F28 -> 0 | S28: =+R28*J28 -> 0
D29: * Area wastafel & r. part exclaim : Pekerjaan pembongkaran dinding tengah | E29: m2 | F29: 13.7436 | G29: 13.7436 | H29: 130400 | I29: =$G29*H29 -> 1792165.4 | J29: =I29/'REKAP TOTAL'!F44 -> 0.00014739305 | K29: 0 | L29: 0 | M29: 0 | N29: =+Q29-K29 -> 0 | O29: =+R29-L29 -> 0 | P29: =+S29-M29 -> 0 | Q29: =+W29 -> 0 | R29: =+Q29/F29 -> 0 | S29: =+R29*J29 -> 0
D30: * Pekerjaan bobokan lantai existing termasuk keramik, grating / item yang terkait didalamnya, untuk : | G30: 0 | H30: 0
D31: * Combiboot menjadi Stall loading / unloading | E31: m2 | F31: 34.633 | G31: 34.633 | H31: 172000 | I31: =$G31*H31 -> 5956876 | J31: =I31/'REKAP TOTAL'!F44 -> 0.0004899113 | K31: 0 | L31: 0 | M31: 0 | N31: =+Q31-K31 -> 0 | O31: =+R31-L31 -> 0 | P31: =+S31-M31 -> 0 | Q31: =+W31 -> 0 | R31: =+Q31/F31 -> 0 | S31: =+R31*J31 -> 0
D32: * R. security menjadi r. part exclaim | E32: m2 | F32: 7.935 | G32: 7.935 | H32: 172000 | I32: =$G32*H32 -> 1364820 | J32: =I32/'REKAP TOTAL'!F44 -> 0.00011224688 | K32: 0 | L32: 0 | M32: 0 | N32: =+Q32-K32 -> 0 | O32: =+R32-L32 -> 0 | P32: =+S32-M32 -> 0 | Q32: =+W32 -> 0 | R32: =+Q32/F32 -> 0 | S32: =+R32*J32 -> 0
D33: * Area urinal / toilet mekanik, wastafel dan r. part exclaim menjadi urinal & r. karu | E33: m2 | F33: 17.1 | G33: 17.1 | H33: 172000 | I33: =$G33*H33 -> 2941200 | J33: =I33/'REKAP TOTAL'!F44 -> 0.00024189308 | K33: 0 | L33: 0 | M33: 0 | N33: =+Q33-K33 -> 0 | O33: =+R33-L33 -> 0 | P33: =+S33-M33 -> 0 | Q33: =+W33 -> 0 | R33: =+Q33/F33 -> 0 | S33: =+R33*J33 -> 0
D34: * R. smoking area menjadi R. security | E34: m2 | F34: 9.85 | G34: 9.85 | H34: 172000 | I34: =$G34*H34 -> 1694200 | J34: =I34/'REKAP TOTAL'!F44 -> 0.00013933607 | K34: 0 | L34: 0 | M34: 0 | N34: =+Q34-K34 -> 0 | O34: =+R34-L34 -> 0 | P34: =+S34-M34 -> 0 | Q34: =+W34 -> 0 | R34: =+Q34/F34 -> 0 | S34: =+R34*J34 -> 0
D35: * R. g.part & r. gudang bahan : Pekerjaan pembongkaran dinding roster | E35: m2 | F35: 9.4068 | G35: 9.4068 | H35: 191300 | I35: =$G35*H35 -> 1799520.8 | J35: =I35/'REKAP TOTAL'!F44 -> 0.00014799798 | K35: 0 | L35: 0 | M35: 0 | N35: =+Q35-K35 -> 0 | O35: =+R35-L35 -> 0 | P35: =+S35-M35 -> 0 | Q35: =+W35 -> 0 | R35: =+Q35/F35 -> 0 | S35: =+R35*J35 -> 0
D36: * Area stalll dempul, epoxy, masking : Pekerjaan pembongkaran seluruh lantai termasuk grating / item yang terkait didalamnya | E36: m2 | F36: 73.82 | G36: 73.82 | H36: 103600 | I36: =$G36*H36 -> 7647752 | J36: =I36/'REKAP TOTAL'!F44 -> 0.00062897399 | K36: 0 | L36: 0 | M36: 0 | N36: =+Q36-K36 -> 0 | O36: =+R36-L36 -> 0 | P36: =+S36-M36 -> 0 | Q36: =+W36 -> 0 | R36: =+Q36/F36 -> 0 | S36: =+R36*J36 -> 0
B37: 2 | D37: Area lantai 1 (office & showroom)
D38: * R. admin : Pekerjaan pembongkaran dinding partisi , termasuk pintu | E38: m2 | F38: 30.342 | G38: 30.342 | H38: 112900 | I38: =$G38*H38 -> 3425611.8 | J38: =I38/'REKAP TOTAL'!F44 -> 0.00028173256 | K38: 0 | L38: 0 | M38: 0 | N38: =+Q38-K38 -> 0 | O38: =+R38-L38 -> 0 | P38: =+S38-M38 -> 0 | Q38: =+W38 -> 0 | R38: =+Q38/F38 -> 0 | S38: =+R38*J38 -> 0
D39: * R. admin : Pekerjaan pembongkaran plafond | E39: m2 | F39: 28 | G39: 28 | H39: 95300 | I39: =$G39*H39 -> 2668400 | J39: =I39/'REKAP TOTAL'!F44 -> 0.0002194572 | K39: 0 | L39: 0 | M39: 0 | N39: =+Q39-K39 -> 0 | O39: =+R39-L39 -> 0 | P39: =+S39-M39 -> 0 | Q39: =+W39 -> 0 | R39: =+Q39/F39 -> 0 | S39: =+R39*J39 -> 0
B40: 3 | D40: Area lantai 2 (office & showroom)
D41: * R. MPR menjadi r. salesman : Pekerjaan pembongkaran dinding & pintu, termasuk modifikasi railing tangga menjadi dinding bata | E41: m2 | F41: 37.5804 | G41: 37.5804 | H41: 250000 | I41: =$G41*H41 -> 9395100 | J41: =I41/'REKAP TOTAL'!F44 -> 0.00077268112 | K41: 0 | L41: 0 | M41: 0 | N41: =+Q41-K41 -> 0 | O41: =+R41-L41 -> 0 | P41: =+S41-M41 -> 0 | Q41: =+W41 -> 0 | R41: =+Q41/F41 -> 0 | S41: =+R41*J41 -> 0
D42: * R. MPR menjadi r. salesman : Pekerjaan pembongkaran plafond | E42: m2 | F42: 77.05 | G42: 77.05 | H42: 95300 | I42: =$G42*H42 -> 7342865 | J42: =I42/'REKAP TOTAL'!F44 -> 0.00060389918 | K42: 0 | L42: 0 | M42: 0 | N42: =+Q42-K42 -> 0 | O42: =+R42-L42 -> 0 | P42: =+S42-M42 -> 0 | Q42: =+W42 -> 0 | R42: =+Q42/F42 -> 0 | S42: =+R42*J42 -> 0
B43: 4 | D43: Pekerjaan pembongkaran atap, kolom, dinding partisi dan policarbonate beserta rangka pada area washing stall | E43: ls | F43: 1 | G43: 1 | H43: 3405800 | I43: =$G43*H43 -> 3405800 | J43: =I43/'REKAP TOTAL'!F44 -> 0.00028010318 | K43: 0 | L43: 0 | M43: 0 | N43: =+Q43-K43 -> 0 | O43: =+R43-L43 -> 0 | P43: =+S43-M43 -> 0 | Q43: =+W43 -> 0 | R43: =+Q43/F43 -> 0 | S43: =+R43*J43 -> 0
B44: 5 | D44: Metode pemasukan alat pancang dengan HSPD 120 ton bisa melalui jalur / jalan belakang namun ada Pekerjaan bongkar & pemasangan kembali pagar panel ( 3 panel, panjang 1 panel : 2,4 m) di area belakang (melalui tanah stock yard) | E44: m' | F44: 7.2 | G44: 7.2 | H44: 2526300 | I44: =$G44*H44 -> 18189360 | J44: =I44/'REKAP TOTAL'!F44 -> 0.0014959474 | K44: 0 | L44: 0 | M44: 0 | N44: =+Q44-K44 -> 0 | O44: =+R44-L44 -> 0 | P44: =+S44-M44 -> 0 | Q44: =+W44 -> 0 | R44: =+Q44/F44 -> 0 | S44: =+R44*J44 -> 0
B45: Sub Total Pek Bongkaran ... | I45: =SUM(I19:I44) -> 99063135 | J45: =SUM(J21:J44) -> 0.0081472485 | M45: =SUM(M20:M44) -> 0 | P45: =SUM(P20:P44) -> 0 | S45: =SUM(S20:S44) -> 0
B46: B | D46: PEKERJAAN SALURAN
D47: Saluran beton precast ex. SCG, PRECON, Lokal / SNI
D48: Termasuk bobokan jalan existing (bila ada), Galian tanah, urugan sirtu, urugan kembali, buangan tanah & pasir urug
B50: 1 | D50: Saluran buis beton bertulang, menuju saluran existing
D51: - Saluran buis beton BB40 dia 40 cm | E51: m' | F51: 61.573 | G51: 61.573 | H51: 713600 | I51: =$G51*H51 -> 43938493 | J51: =I51/'REKAP TOTAL'!F44 -> 0.003613633 | K51: 0 | L51: 0 | M51: 0 | N51: =+Q51-K51 -> 0 | O51: =+R51-L51 -> 0 | P51: =+S51-M51 -> 0 | Q51: =+W51 -> 0 | R51: =+Q51/F51 -> 0 | S51: =+R51*J51 -> 0
B52: 2 | D52: Pekerjaan Bak Kontrol ( BK )
D53: - BK1, uk. 1340 mm x 1340 mm + tutup beton bertulang | E53: unit | F53: 19 | G53: 19 | H53: 11142000 | I53: =$G53*H53 -> 211698000 | J53: =I53/'REKAP TOTAL'!F44 -> 0.017410677 | K53: 0 | L53: 0 | M53: 0 | N53: =+Q53-K53 -> 0 | O53: =+R53-L53 -> 0 | P53: =+S53-M53 -> 0 | Q53: =+W53 -> 0 | R53: =+Q53/F53 -> 0 | S53: =+R53*J53 -> 0
B54: 3 | D54: Saluran box culvert ukuran 600 x 600 mm , menuju saluran existing | E54: m' | F54: 7.775 | G54: 7.775 | H54: 2457800 | I54: =$G54*H54 -> 19109395 | J54: =I54/'REKAP TOTAL'!F44 -> 0.0015716138 | K54: 0 | L54: 0 | M54: 0 | N54: =+Q54-K54 -> 0 | O54: =+R54-L54 -> 0 | P54: =+S54-M54 -> 0 | Q54: =+W54 -> 0 | R54: =+Q54/F54 -> 0 | S54: =+R54*J54 -> 0
B56: Sub Total Pekerjaan Drainase … | I56: =SUM(I50:I55) -> 2.7474589e+08 | J56: =SUM(J51:J55) -> 0.022595923 | M56: =SUM(M46:M55) -> 0 | P56: =SUM(P46:P55) -> 0 | S56: =SUM(S46:S55) -> 0
B58: C | D58: PEKERJAAN PAVING BLOCK, EX. LOKAL / SNI
D59: terkait pemindahan & pemasangan kembali
B61: 1 | D61: Biaya pemindahan paving block dari EX. SITE Body repair | E61: m2 | F61: 1612 | G61: 1612 | H61: 7400 | I61: =$G61*H61 -> 11928800 | J61: =I61/'REKAP TOTAL'!F44 -> 0.00098106018 | K61: 0 | L61: 0 | M61: 0 | N61: =+Q61-K61 -> 10 | O61: =+R61-L61 -> 0.0062034739 | P61: =+S61-M61 -> 6.0859813e-06 | Q61: =+W61 -> 10 | R61: =+Q61/F61 -> 0.0062034739 | S61: =+R61*J61 -> 6.0859813e-06 | W61: 10
B62: 2 | D62: Pemadatan tanah CBR min 6% | E62: m2 | F62: 1612 | G62: 1612 | H62: 41600 | I62: =$G62*H62 -> 67059200 | J62: =I62/'REKAP TOTAL'!F44 -> 0.0055151491 | K62: 0 | L62: 0 | M62: 0 | N62: =+Q62-K62 -> 0 | O62: =+R62-L62 -> 0 | P62: =+S62-M62 -> 0 | Q62: =+W62 -> 0 | R62: =+Q62/F62 -> 0 | S62: =+R62*J62 -> 0
B63: 3 | D63: Pekerjaan urugan Sirdam CBR min 60 % tebal 30 cm | E63: m3 | F63: 483.6 | G63: 483.6 | H63: 1080500 | I63: =$G63*H63 -> 522529800 | J63: =I63/'REKAP TOTAL'!F44 -> 0.042974413 | K63: 0 | L63: 0 | M63: 0 | N63: =+Q63-K63 -> 0 | O63: =+R63-L63 -> 0 | P63: =+S63-M63 -> 0 | Q63: =+W63 -> 0 | R63: =+Q63/F63 -> 0 | S63: =+R63*J63 -> 0
B64: 4 | D64: Lapisan abu batu t= 7 cm | E64: m3 | F64: 112.84 | G64: 112.84 | H64: 984700 | I64: =$G64*H64 -> 111113548 | J64: =I64/'REKAP TOTAL'!F44 -> 0.0091383105 | K64: 0 | L64: 0 | M64: 0 | N64: =+Q64-K64 -> 0 | O64: =+R64-L64 -> 0 | P64: =+S64-M64 -> 0 | Q64: =+W64 -> 0 | R64: =+Q64/F64 -> 0 | S64: =+R64*J64 -> 0
B65: 5 | D65: Pekerjaan urugan limestone tebal 60 cm | E65: m3 | G65: 0 | H65: 0 | I65: TAKEOUT
B66: 6 | D66: Paving block Natural K-450 t=8 cm, ex. Cisangkan/Lokal termasuk topi uskup (biaya hanya mencakup upah pasang, material by existing) | E66: m2 | F66: 1612 | G66: 1612 | H66: 37500 | I66: =$G66*H66 -> 60450000 | J66: =I66/'REKAP TOTAL'!F44 -> 0.0049715888 | K66: 0 | L66: 0 | M66: 0 | N66: =+Q66-K66 -> 0 | O66: =+R66-L66 -> 0 | P66: =+S66-M66 -> 0 | Q66: =+W66 -> 0 | R66: =+Q66/F66 -> 0 | S66: =+R66*J66 -> 0
B68: Sub Total Pekerjaan paving block … | I68: =SUM(I60:I67) -> 773081348 | J68: =SUM(J61:J67) -> 0.063580522 | M68: =SUM(M57:M67) -> 0 | P68: =SUM(P57:P67) -> 6.0859813e-06 | S68: =SUM(S57:S67) -> 6.0859813e-06
B70: D | D70: PEKERJAAN LAIN-LAIN
B72: 1 | D72: Pekerjaan Sendimen Trap & Filter, ukuran 2750 x 800 mm, lengkap termasuk galian, urugan, lantai kerja, beton, bekisting, pembesian & penutup (sesuai gambar) | E72: unit | F72: 1 | G72: 1 | H72: 15427900 | I72: =$G72*H72 -> 15427900 | J72: =I72/'REKAP TOTAL'!F44 -> 0.0012688366 | K72: 0 | L72: 0 | M72: 0 | N72: =+Q72-K72 -> 0 | O72: =+R72-L72 -> 0 | P72: =+S72-M72 -> 0 | Q72: =+W72 -> 0 | R72: =+Q72/F72 -> 0 | S72: =+R72*J72 -> 0
B73: 2 | D73: Pekerjaan marka cat parkir warna Putih dengan epoxy paint ex. Novalux | E73: m' | F73: 270.8 | G73: 270.8 | H73: 89300 | I73: =$G73*H73 -> 24182440 | J73: =I73/'REKAP TOTAL'!F44 -> 0.0019888362 | K73: 0 | L73: 0 | M73: 0 | N73: =+Q73-K73 -> 0 | O73: =+R73-L73 -> 0 | P73: =+S73-M73 -> 0 | Q73: =+W73 -> 0 | R73: =+Q73/F73 -> 0 | S73: =+R73*J73 -> 0
B74: 3 | D74: Pekerjaan bak sampah uk. 1,65 x 3,15 m + tutup plat besi t=2 mm finish oil paint ftalit type 1115-180 brighyt green & type 115-444 banana yellow EX. KANSAI, sesuai gambar | E74: unit | F74: 1 | G74: 1 | H74: 19018600 | I74: =$G74*H74 -> 19018600 | J74: =I74/'REKAP TOTAL'!F44 -> 0.0015641465 | K74: 0 | L74: 0 | M74: 0 | N74: =+Q74-K74 -> 0 | O74: =+R74-L74 -> 0 | P74: =+S74-M74 -> 0 | Q74: =+W74 -> 0 | R74: =+Q74/F74 -> 0 | S74: =+R74*J74 -> 0
B75: 4 | D75: Pekerjaan dudukan ipal | I75: =$G75*H75 -> 0
C76: 1 | D76: Lantai Kerja Adukan 1:3:5, tebal 5 cm di bawah plat lantai | E76: m3 | F76: 0.24805 | G76: 0.26 | H76: 1186300 | I76: =$G76*H76 -> 308438 | J76: =I76/'REKAP TOTAL'!F44 -> 2.5366863e-05 | K76: 0 | L76: 0 | M76: 0 | N76: =+Q76-K76 -> 0 | O76: =+R76-L76 -> 0 | P76: =+S76-M76 -> 0 | Q76: =+W76 -> 0 | R76: =+Q76/F76 -> 0 | S76: =+R76*J76 -> 0
C77: 2 | D77: Urugan sirdam t=20 cm | E77: m3 | F77: 0.902 | G77: 1.03 | H77: 1080500 | I77: =$G77*H77 -> 1112915 | J77: =I77/'REKAP TOTAL'!F44 -> 9.1529458e-05 | K77: 0 | L77: 0 | M77: 0 | N77: =+Q77-K77 -> 0 | O77: =+R77-L77 -> 0 | P77: =+S77-M77 -> 0 | Q77: =+W77 -> 0 | R77: =+Q77/F77 -> 0 | S77: =+R77*J77 -> 0
C78: 3 | D78: Pekerjan pemadatan tanah CBR min 6% | E78: m2 | F78: 4.51 | G78: 5.15 | H78: 41600 | I78: =$G78*H78 -> 214240 | J78: =I78/'REKAP TOTAL'!F44 -> 1.7619738e-05 | K78: 0 | L78: 0 | M78: 0 | N78: =+Q78-K78 -> 0 | O78: =+R78-L78 -> 0 | P78: =+S78-M78 -> 0 | Q78: =+W78 -> 0 | R78: =+Q78/F78 -> 0 | S78: =+R78*J78 -> 0
C79: 4 | D79: Pekerjaan beton bertulang (K - 300/Fc 25Mpa) + integral kristalin, untuk : | I79: =$G79*H79 -> 0
D80: - Plat beton lantai, t = 15 cm ( S15 ) | E80: m3 | F80: 0.165 | G80: 0.15 | H80: 1774600 | I80: =$G80*H80 -> 266190 | J80: =I80/'REKAP TOTAL'!F44 -> 2.1892262e-05 | K80: 0 | L80: 0 | M80: 0 | N80: =+Q80-K80 -> 0 | O80: =+R80-L80 -> 0 | P80: =+S80-M80 -> 0 | Q80: =+W80 -> 0 | R80: =+Q80/F80 -> 0 | S80: =+R80*J80 -> 0
D81: - Plat beton lantai, t = 20 cm ( S20 ) | E81: m3 | F81: 0.7722 | G81: 0.7 | H81: 1774600 | I81: =$G81*H81 -> 1242220 | J81: =I81/'REKAP TOTAL'!F44 -> 0.00010216389 | K81: 0 | L81: 0 | M81: 0 | N81: =+Q81-K81 -> 0 | O81: =+R81-L81 -> 0 | P81: =+S81-M81 -> 0 | Q81: =+W81 -> 0 | R81: =+Q81/F81 -> 0 | S81: =+R81*J81 -> 0
C82: 5 | D82: Bekisting multipleks 12 mm + stoot werk untuk Plat Lantai | E82: m2 | F82: 0.1562 | G82: 2.2 | H82: 235600 | I82: =$G82*H82 -> 518320 | J82: =I82/'REKAP TOTAL'!F44 -> 4.2628187e-05 | K82: 0 | L82: 0 | M82: 0 | N82: =+Q82-K82 -> 0 | O82: =+R82-L82 -> 0 | P82: =+S82-M82 -> 0 | Q82: =+W82 -> 0 | R82: =+Q82/F82 -> 0 | S82: =+R82*J82 -> 0
C83: 6 | D83: PEKERJAAN PEMBESIAN / TULANGAN | I83: =$G83*H83 -> 0
D84: - Plat beton lantai, S15 (dia D13-150 mm) 2 layer | E84: kg | F84: 30.56196 | G84: 28.02 | H84: 16600 | I84: =$G84*H84 -> 465132 | J84: =I84/'REKAP TOTAL'!F44 -> 3.8253847e-05 | K84: 0 | L84: 0 | M84: 0 | N84: =+Q84-K84 -> 0 | O84: =+R84-L84 -> 0 | P84: =+S84-M84 -> 0 | Q84: =+W84 -> 0 | R84: =+Q84/F84 -> 0 | S84: =+R84*J84 -> 0
D85: - Plat beton lantai, S20 (dia D13-150 mm) 2 layer | E85: kg | F85: 107.27248 | G85: 99.84 | H85: 16600 | I85: =$G85*H85 -> 1657344 | J85: =I85/'REKAP TOTAL'!F44 -> 0.00013630493 | K85: 0 | L85: 0 | M85: 0 | N85: =+Q85-K85 -> 0 | O85: =+R85-L85 -> 0 | P85: =+S85-M85 -> 0 | Q85: =+W85 -> 0 | R85: =+Q85/F85 -> 0 | S85: =+R85*J85 -> 0
B87: Sub Total Pekerjaan Lain-lain … | I87: =SUM(I71:I86) -> 64413739 | J87: =SUM(J72:J86) -> 0.0052975785 | M87: =SUM(M69:M86) -> 0 | P87: =SUM(P69:P86) -> 0 | S87: =SUM(S69:S86) -> 0

Sheet III.BODY REPAIR
B1: ='I. PERSIAPAN'!B1 -> PROGRESS MINGGUAN
B2: ='I. PERSIAPAN'!B2 -> PROYEK SHOWROOM & WORKSHOP
B3: ='I. PERSIAPAN'!B3 -> DAIHATSU Cabang BATAM-KEPULAUAN RIAU
B4: ='I. PERSIAPAN'!B4 -> PT. ASTRA INTERNATIONAL Tbk
B5: ='I. PERSIAPAN'!B5 -> PERIODE : 6- 18 April2026
B6: ='I. PERSIAPAN'!B6 -> MINGGU KE 2 (Dua)
B8: NO | C8: URAIAN PEKERJAAN | D8: SAT | E8: VOLUME | F8: VOLUME | G8: VOLUME | H8: VOLUME | I8: Bobot | J8: Progres s/d Minggu Lalu | M8: Progres Minggu ini | P8: Progres s/d Minggu ini | S8: Ket.
G9: ( Rp. ) | H9: ( Rp. ) | J9: Volume | K9: Progres (%) | L9: Bobot | M9: Volume | N9: Progres (%) | O9: Bobot | P9: Volume | Q9: Progres (%) | R9: Bobot
B11: III | C11: PEKERJAAN BANGUNAN BODY REPAIR
B13: 1 | C13: PEKERJAAN STRUKTUR
B15: A | C15: =C45 -> PEKERJAAN PONDASI TIANG PANCANG | H15: =$H$52 -> 553985000 | I15: =H15/'REKAP TOTAL'!F44 -> 0.045561383
B16: B | C16: =C54 -> PEKERJAAN GALIAN DAN URUGAN | H16: =$H$75 -> 7.8155965e+08 | I16: =H16/'REKAP TOTAL'!F44 -> 0.064277803
B17: C | C17: =C77 -> PEKERJAAN LANTAI KERJA | H17: =$H$83 -> 9049333.7 | I17: =H17/'REKAP TOTAL'!F44 -> 0.00074424426
B18: D | C18: =C85 -> PEKERJAAN BETON BERTULANG (K - 300/Fc 25Mpa) | H18: =$H$103 -> 6.5323714e+08 | I18: =H18/'REKAP TOTAL'!F44 -> 0.053724175
B19: E | C19: PEKERJAAN BEKISTING | H19: =$H$115 -> 1.5274648e+08 | I19: =H19/'REKAP TOTAL'!F44 -> 0.012562328
B20: F | C20: PEKERJAAN PEMBESIAN / TULANGAN | H20: =$H$135 -> 6.5450837e+08 | I20: =H20/'REKAP TOTAL'!F44 -> 0.053828725
B21: G | C21: PEKERJAAN KONSTRUKSI BAJA | H21: =$H$190 -> 2.3372353e+09 | I21: =H21/'REKAP TOTAL'!F44 -> 0.19222122
B22: H | C22: PEKERJAAN ATAP | H22: =$H$214 -> 9.6452758e+08 | I22: =H22/'REKAP TOTAL'!F44 -> 0.079325632
B23: I | C23: PEKERJAAN WATERPROOFING | H23: =$H$222 -> 17208684 | I23: =H23/'REKAP TOTAL'!F44 -> 0.0014152936
C25: JUMLAH PEKERJAAN STRUKTUR | H25: =SUM(H15:H23) -> 6.1240575e+09 | I25: =H25/'REKAP TOTAL'!F44 -> 0.5036608
B27: =B224 -> 1 | C27: PEKERJAAN ARSITEKTUR
B29: =B226 -> A | C29: =C226 -> PEKERJAAN PASANGAN BATU BATA & PLESTERAN | H29: =$H$234 -> 1.7460929e+08 | I29: =H29/'REKAP TOTAL'!F44 -> 0.01436039
B30: =B236 -> B | C30: =C236 -> PEKERJAAN LANTAI | H30: =$H$251 -> 8.0897946e+08 | I30: =H30/'REKAP TOTAL'!F44 -> 0.06653289
B31: =B253 -> C | C31: =C253 -> PEKERJAAN FINISHING DINDING | H31: =$H$264 -> 1.601153e+08 | I31: =H31/'REKAP TOTAL'!F44 -> 0.013168361
B32: D | C32: =C266 -> PEKERJAAN KOSEN, PINTU & JENDELA | H32: =$H$340 -> 355230400 | I32: =H32/'REKAP TOTAL'!F44 -> 0.02921521
B33: E | C33: =C342 -> PEKERJAAN PLAFOND | H33: =$H$353 -> 14815820 | I33: =H33/'REKAP TOTAL'!F44 -> 0.0012184973
B34: F | C34: =C355 -> PEKERJAAN PENGECATAN | H34: =$H$370 -> 21129473 | I34: =H34/'REKAP TOTAL'!F44 -> 0.001737751
B35: G | C35: =C372 -> PEKERJAAN SANITAIR | H35: =$H$382 -> 33348200 | I35: =H35/'REKAP TOTAL'!F44 -> 0.0027426557
B36: H | C36: =C384 -> PEKERJAAN LAIN-LAIN | H36: =$H$396 -> 1.1006473e+08 | I36: =H36/'REKAP TOTAL'!F44 -> 0.0090520527
C39: JUMLAH PEKERJAAN ARSITEKTUR | H39: =SUM(H29:H38) -> 1.6782927e+09 | I39: =H39/'REKAP TOTAL'!F44 -> 0.13802781
B43: 1 | C43: PEKERJAAN STRUKTUR
B45: A | C45: PEKERJAAN PONDASI TIANG PANCANG
B47: 1 | C47: Tiang Pancang uk. 25x25 cm L= 15 M dari tanah existing (termasuk Biaya Pemancangan dng hydraulic Jacking dan penyambungan), Mutu beton Fc' = 42 Mpa | D47: m' | E47: 750 | F47: 750 | G47: 612100 | H47: =$F47*G47 -> 459075000 | I47: =H47/'REKAP TOTAL'!F44 -> 0.037755701 | J47: 0 | K47: 0 | L47: 0 | M47: =+P47-J47 -> 25 | N47: =+Q47-K47 -> 0.033333333 | O47: =+R47-L47 -> 0.0012585234 | P47: =+W47 -> 25 | Q47: =+P47/E47 -> 0.033333333 | R47: =+Q47*I47 -> 0.0012585234 | W47: 25
B48: 2 | C48: Pemotongan Kepala Tiang Pancang | D48: ttk | E48: 50 | F48: 50 | G48: 98900 | H48: =$F48*G48 -> 4945000 | I48: =H48/'REKAP TOTAL'!F44 -> 0.00040669159 | J48: 0 | K48: 0 | L48: 0 | M48: =+P48-J48 -> 0 | N48: =+Q48-K48 -> 0 | O48: =+R48-L48 -> 0 | P48: =+W48 -> 0 | Q48: =+P48/E48 -> 0 | R48: =+Q48*I48 -> 0
B49: 3 | C49: Preboring kedlaman ± 4-5 mtr, termasuk pengisian dengan bahan grouting setelah tiang tertanam | D49: ttk | E49: 50 | F49: 50 | G49: 942500 | H49: =$F49*G49 -> 47125000 | I49: =H49/'REKAP TOTAL'!F44 -> 0.0038757009 | J49: 0 | K49: 0 | L49: 0 | M49: =+P49-J49 -> 0 | N49: =+Q49-K49 -> 0 | O49: =+R49-L49 -> 0 | P49: =+W49 -> 0 | Q49: =+P49/E49 -> 0 | R49: =+Q49*I49 -> 0
B50: 4 | C50: PDA test | D50: ttk | E50: 2 | F50: 2 | G50: 21420000 | H50: =$F50*G50 -> 42840000 | I50: =H50/'REKAP TOTAL'!F44 -> 0.0035232897 | J50: 0 | K50: 0 | L50: 0 | M50: =+P50-J50 -> 0 | N50: =+Q50-K50 -> 0 | O50: =+R50-L50 -> 0 | P50: =+W50 -> 0 | Q50: =+P50/E50 -> 0 | R50: =+Q50*I50 -> 0
C52: Total Pekerjaan Pondasi Tiang Pancang … | H52: =SUM(H44:H51) -> 553985000 | I52: =H52/'REKAP TOTAL'!F44 -> 0.045561383 | L52: =SUM(L44:L51) -> 0 | O52: =SUM(O44:O51) -> 0.0012585234 | R52: =SUM(R44:R51) -> 0.0012585234
B54: B | C54: PEKERJAAN GALIAN DAN URUGAN
B56: 1 | C56: Pekerjaan Galian Tanah untuk :
B57: a | C57: Pile cap | D57: m3 | E57: 43.197 | F57: 36.788 | G57: 143200 | H57: =$F57*G57 -> 5268041.6 | I57: =H57/'REKAP TOTAL'!F44 -> 0.00043325949 | J57: 0 | K57: 0 | L57: 0 | M57: =+P57-J57 -> 0 | N57: =+Q57-K57 -> 0 | O57: =+R57-L57 -> 0 | P57: =+W57 -> 0 | Q57: =+P57/E57 -> 0 | R57: =+Q57*I57 -> 0
B58: b | C58: Tie Beam | D58: m3 | E58: 99.417862 | F58: 67.577 | G58: 143200 | H58: =$F58*G58 -> 9677026.4 | I58: =H58/'REKAP TOTAL'!F44 -> 0.00079586759 | J58: 0 | K58: 0 | L58: 0 | M58: =+P58-J58 -> 0 | N58: =+Q58-K58 -> 0 | O58: =+R58-L58 -> 0 | P58: =+W58 -> 0 | Q58: =+P58/E58 -> 0 | R58: =+Q58*I58 -> 0
B59: 2 | C59: Pekerjaan Urugan Tanah
C60: Urugan & Pemadatan Tanah Kembali untuk :
B61: a | C61: Pile cap | D61: m3 | E61: 18.71565 | F61: 10.178 | G61: 65300 | H61: =$F61*G61 -> 664623.4 | I61: =H61/'REKAP TOTAL'!F44 -> 5.4660616e-05 | J61: 0 | K61: 0 | L61: 0 | M61: =+P61-J61 -> 0 | N61: =+Q61-K61 -> 0 | O61: =+R61-L61 -> 0 | P61: =+W61 -> 0 | Q61: =+P61/E61 -> 0 | R61: =+Q61*I61 -> 0
B62: b | C62: Tie Beam | D62: m3 | E62: 36.15195 | F62: 12.692 | G62: 65300 | H62: =$F62*G62 -> 828787.6 | I62: =H62/'REKAP TOTAL'!F44 -> 6.8161971e-05 | J62: 0 | K62: 0 | L62: 0 | M62: =+P62-J62 -> 0 | N62: =+Q62-K62 -> 0 | O62: =+R62-L62 -> 0 | P62: =+W62 -> 0 | Q62: =+P62/E62 -> 0 | R62: =+Q62*I62 -> 0
B63: 3 | C63: Pekerjaan buangan tanah ex. Galian
B64: a | C64: Pile cap | D64: m3 | E64: 24.48135 | F64: 26.61 | G64: 101500 | H64: =$F64*G64 -> 2700915 | I64: =H64/'REKAP TOTAL'!F44 -> 0.00022213133 | J64: 0 | K64: 0 | L64: 0 | M64: =+P64-J64 -> 0 | N64: =+Q64-K64 -> 0 | O64: =+R64-L64 -> 0 | P64: =+W64 -> 0 | Q64: =+P64/E64 -> 0 | R64: =+Q64*I64 -> 0
B65: b | C65: Tie Beam | D65: m3 | E65: 63.265912 | F65: 54.885 | G65: 101500 | H65: =$F65*G65 -> 5570827.5 | I65: =H65/'REKAP TOTAL'!F44 -> 0.00045816151 | J65: 0 | K65: 0 | L65: 0 | M65: =+P65-J65 -> 0 | N65: =+Q65-K65 -> 0 | O65: =+R65-L65 -> 0 | P65: =+W65 -> 0 | Q65: =+P65/E65 -> 0 | R65: =+Q65*I65 -> 0
B66: 4 | C66: Pekerjaan Urugan Pasir | F66: 0 | G66: 0
C67: Urugan Pasir setebal 10 cm dibawah : | F67: 0 | G67: 0
B68: a | C68: Pile cap | D68: m3 | E68: 4.2669 | F68: 2.1336 | G68: 407100 | H68: =$F68*G68 -> 868588.56 | I68: =H68/'REKAP TOTAL'!F44 -> 7.1435321e-05 | J68: 0 | K68: 0 | L68: 0 | M68: =+P68-J68 -> 0 | N68: =+Q68-K68 -> 0 | O68: =+R68-L68 -> 0 | P68: =+W68 -> 0 | Q68: =+P68/E68 -> 0 | R68: =+Q68*I68 -> 0
B69: b | C69: Tie Beam | D69: m3 | E69: 13.255715 | F69: 12.7504 | G69: 407100 | H69: =$F69*G69 -> 5190687.8 | I69: =H69/'REKAP TOTAL'!F44 -> 0.00042689769 | J69: 0 | K69: 0 | L69: 0 | M69: =+P69-J69 -> 0 | N69: =+Q69-K69 -> 0 | O69: =+R69-L69 -> 0 | P69: =+W69 -> 0 | Q69: =+P69/E69 -> 0 | R69: =+Q69*I69 -> 0
B70: c | C70: Plat lantai basement , termasuk area ramp | D70: m3 | E70: 195.59228 | F70: 179.8903 | G70: 407100 | H70: =$F70*G70 -> 73233341 | I70: =H70/'REKAP TOTAL'!F44 -> 0.006022929 | J70: 0 | K70: 0 | L70: 0 | M70: =+P70-J70 -> 0 | N70: =+Q70-K70 -> 0 | O70: =+R70-L70 -> 0 | P70: =+W70 -> 0 | Q70: =+P70/E70 -> 0 | R70: =+Q70*I70 -> 0
B71: 5 | C71: Pekerjaan pemadatan tanah di bawah area plat lantai basement & ramp dipadatkan, min CBR 6 % | D71: m2 | E71: 1775.2316 | F71: 1798.903 | G71: 41600 | H71: =$F71*G71 -> 74834365 | I71: =H71/'REKAP TOTAL'!F44 -> 0.0061546019 | J71: 0 | K71: 0 | L71: 0 | M71: =+P71-J71 -> 0 | N71: =+Q71-K71 -> 0 | O71: =+R71-L71 -> 0 | P71: =+W71 -> 0 | Q71: =+P71/E71 -> 0 | R71: =+Q71*I71 -> 0
B72: 6 | C72: Pekerjaan urugan sirdam CBR > 50 %, tebal 30 cm di bawah area plat lantai basement & ramp | D72: m3 | E72: 532.56948 | F72: 539.6709 | G72: 1080500 | H72: =$F72*G72 -> 5.8311441e+08 | I72: =H72/'REKAP TOTAL'!F44 -> 0.047957073 | J72: 0 | K72: 0 | L72: 0 | M72: =+P72-J72 -> 0 | N72: =+Q72-K72 -> 0 | O72: =+R72-L72 -> 0 | P72: =+W72 -> 0 | Q72: =+P72/E72 -> 0 | R72: =+Q72*I72 -> 0
B73: 7 | C73: Pekerjaan plastik cor di bawah area plat lantai basement & ramp | D73: m2 | E73: 1775.2316 | F73: 1798.903 | G73: 10900 | H73: =$F73*G73 -> 19608043 | I73: =H73/'REKAP TOTAL'!F44 -> 0.0016126241 | J73: 0 | K73: 0 | L73: 0 | M73: =+P73-J73 -> 0 | N73: =+Q73-K73 -> 0 | O73: =+R73-L73 -> 0 | P73: =+W73 -> 0 | Q73: =+P73/E73 -> 0 | R73: =+Q73*I73 -> 0
C75: Total Pekerjaan Galian, Urugan dan Pemadatan … | H75: =SUM(H56:H74) -> 7.8155965e+08 | I75: =H75/'REKAP TOTAL'!F44 -> 0.064277803 | L75: =SUM(L53:L74) -> 0 | O75: =SUM(O53:O74) -> 0 | R75: =SUM(R53:R74) -> 0
B77: C | C77: PEKERJAAN LANTAI KERJA
B79: 1 | C79: Lantai Kerja Adukan 1:3:5, tebal 5 cm di bawah :
B80: a | C80: Pile cap | D80: m3 | E80: 2.13345 | F80: 1.253 | G80: 1186300 | H80: =$F80*G80 -> 1486433.9 | I80: =H80/'REKAP TOTAL'!F44 -> 0.00012224877 | J80: 0 | K80: 0 | L80: 0 | M80: =+P80-J80 -> 0 | N80: =+Q80-K80 -> 0 | O80: =+R80-L80 -> 0 | P80: =+W80 -> 0 | Q80: =+P80/E80 -> 0 | R80: =+Q80*I80 -> 0
B81: b | C81: Tie Beam | D81: m3 | E81: 6.6278575 | F81: 6.3752 | G81: 1186300 | H81: =$F81*G81 -> 7562899.8 | I81: =H81/'REKAP TOTAL'!F44 -> 0.00062199549 | J81: 0 | K81: 0 | L81: 0 | M81: =+P81-J81 -> 0 | N81: =+Q81-K81 -> 0 | O81: =+R81-L81 -> 0 | P81: =+W81 -> 0 | Q81: =+P81/E81 -> 0 | R81: =+Q81*I81 -> 0
C83: Total Pekerjaan Lantai Kerja … | H83: =SUM(H80:H82) -> 9049333.7 | I83: =H83/'REKAP TOTAL'!F44 -> 0.00074424426 | L83: =SUM(L76:L82) -> 0 | O83: =SUM(O76:O82) -> 0 | R83: =SUM(R76:R82) -> 0
B85: D | C85: PEKERJAAN BETON BERTULANG (K - 300/Fc 25Mpa)
B87: 1 | C87: Pile cap
C88: - PC1 ( 70x70x70 cm ) | D88: m3 | E88: 4.5276 | F88: 5.145 | G88: 1477100 | H88: =$F88*G88 -> 7599679.5 | I88: =H88/'REKAP TOTAL'!F44 -> 0.00062502037 | J88: 0 | K88: 0 | L88: 0 | M88: =+P88-J88 -> 0 | N88: =+Q88-K88 -> 0 | O88: =+R88-L88 -> 0 | P88: =+W88 -> 0 | Q88: =+P88/E88 -> 0 | R88: =+Q88*I88 -> 0
C89: - PC2 ( 70x150x70 cm ) | D89: m3 | E89: 15.3615 | F89: 13.965 | G89: 1477100 | H89: =$F89*G89 -> 20627702 | I89: =H89/'REKAP TOTAL'!F44 -> 0.0016964839 | J89: 0 | K89: 0 | L89: 0 | M89: =+P89-J89 -> 0 | N89: =+Q89-K89 -> 0 | O89: =+R89-L89 -> 0 | P89: =+W89 -> 0 | Q89: =+P89/E89 -> 0 | R89: =+Q89*I89 -> 0
B90: 2 | C90: Tie Beam | F90: 0 | G90: 0
C91: - TG36 ( 30x60 cm ) | D91: m3 | E91: 47.720574 | F91: 38.251 | G91: 1477100 | H91: =$F91*G91 -> 56500552 | I91: =H91/'REKAP TOTAL'!F44 -> 0.0046467744 | J91: 0 | K91: 0 | L91: 0 | M91: =+P91-J91 -> 0 | N91: =+Q91-K91 -> 0 | O91: =+R91-L91 -> 0 | P91: =+W91 -> 0 | Q91: =+P91/E91 -> 0 | R91: =+Q91*I91 -> 0
B92: 3 | C92: Kolom | F92: 0 | G92: 0
C93: - PD45 ( 40x50 cm ), kolom pedestal | D93: m3 | E93: 7.26 | F93: 5.697 | G93: 1477100 | H93: =$F93*G93 -> 8415038.7 | I93: =H93/'REKAP TOTAL'!F44 -> 0.00069207795 | J93: 0 | K93: 0 | L93: 0 | M93: =+P93-J93 -> 0 | N93: =+Q93-K93 -> 0 | O93: =+R93-L93 -> 0 | P93: =+W93 -> 0 | Q93: =+P93/E93 -> 0 | R93: =+Q93*I93 -> 0
C94: - PD34 ( 30x40 cm ), kolom pedestal | D94: m3 | E94: 1.98 | F94: 1.565 | G94: 1477100 | H94: =$F94*G94 -> 2311661.5 | I94: =H94/'REKAP TOTAL'!F44 -> 0.00019011795 | J94: 0 | K94: 0 | L94: 0 | M94: =+P94-J94 -> 0 | N94: =+Q94-K94 -> 0 | O94: =+R94-L94 -> 0 | P94: =+W94 -> 0 | Q94: =+P94/E94 -> 0 | R94: =+Q94*I94 -> 0
B95: 4 | C95: Plat beton | F95: 0 | G95: 0
C96: Lantai basement | F96: 0 | G96: 0
C97: - Plat beton lantai, t = 20 cm ( S20 ) | D97: m3 | E97: 358.9168 | F97: 340.169 | G97: 1477100 | H97: =$F97*G97 -> 5.0246363e+08 | I97: =H97/'REKAP TOTAL'!F44 -> 0.041324111 | J97: 0 | K97: 0 | L97: 0 | M97: =+P97-J97 -> 0 | N97: =+Q97-K97 -> 0 | O97: =+R97-L97 -> 0 | P97: =+W97 -> 0 | Q97: =+P97/E97 -> 0 | R97: =+Q97*I97 -> 0
C98: Lantai ramp | F98: 0 | G98: 0
C99: - Plat beton lantai, t = 20 cm ( S20 ) | D99: m3 | E99: 32.267752 | F99: 26.157 | G99: 1477100 | H99: =$F99*G99 -> 38636505 | I99: =H99/'REKAP TOTAL'!F44 -> 0.0031775817 | J99: 0 | K99: 0 | L99: 0 | M99: =+P99-J99 -> 0 | N99: =+Q99-K99 -> 0 | O99: =+R99-L99 -> 0 | P99: =+W99 -> 0 | Q99: =+P99/E99 -> 0 | R99: =+Q99*I99 -> 0
B100: 5 | C100: Balok tepi Slab on round, termasuk area Ramp | F100: 0 | G100: 0
C101: - B ( 30x35 cm ) | D101: m3 | E101: 28.7364 | F101: 11.294 | G101: 1477100 | H101: =$F101*G101 -> 16682367 | I101: =H101/'REKAP TOTAL'!F44 -> 0.0013720078 | J101: 0 | K101: 0 | L101: 0 | M101: =+P101-J101 -> 0 | N101: =+Q101-K101 -> 0 | O101: =+R101-L101 -> 0 | P101: =+W101 -> 0 | Q101: =+P101/E101 -> 0 | R101: =+Q101*I101 -> 0
C103: Total Pekerjaan Beton Bertulang … | H103: =SUM(H87:H102) -> 6.5323714e+08 | I103: =H103/'REKAP TOTAL'!F44 -> 0.053724175 | L103: =SUM(L84:L102) -> 0 | O103: =SUM(O84:O102) -> 0 | R103: =SUM(R84:R102) -> 0
B105: E | C105: PEKERJAAN BEKISTING
B107: 1 | C107: Bekisting pasangan bataco Pile Cap | D107: m2 | E107: 118.657 | F107: 87.92 | G107: 126900 | H107: =$F107*G107 -> 11157048 | I107: =H107/'REKAP TOTAL'!F44 -> 0.00091758899 | J107: 0 | K107: 0 | L107: 0 | M107: =+P107-J107 -> 0 | N107: =+Q107-K107 -> 0 | O107: =+R107-L107 -> 0 | P107: =+W107 -> 0 | Q107: =+P107/E107 -> 0 | R107: =+Q107*I107 -> 0
B108: 2 | C108: Bekisting pasangan bataco Tie Beam | D108: m2 | E108: 397.67145 | F108: 255.008 | G108: 126900 | H108: =$F108*G108 -> 32360515 | I108: =H108/'REKAP TOTAL'!F44 -> 0.0026614255 | J108: 0 | K108: 0 | L108: 0 | M108: =+P108-J108 -> 0 | N108: =+Q108-K108 -> 0 | O108: =+R108-L108 -> 0 | P108: =+W108 -> 0 | Q108: =+P108/E108 -> 0 | R108: =+Q108*I108 -> 0
B109: 3 | C109: Bekisting multipleks 12 mm + stoot werk untuk Kolom | D109: m2 | E109: 88.44 | F109: 77.412 | G109: 251300 | H109: =$F109*G109 -> 19453636 | I109: =H109/'REKAP TOTAL'!F44 -> 0.0015999252 | J109: 0 | K109: 0 | L109: 0 | M109: =+P109-J109 -> 0 | N109: =+Q109-K109 -> 0 | O109: =+R109-L109 -> 0 | P109: =+W109 -> 0 | Q109: =+P109/E109 -> 0 | R109: =+Q109*I109 -> 0
B110: 4 | C110: Bekisting multipleks 12 mm + stoot werk + penutup samping untuk Plat Lantai basement & ramp | F110: 0 | G110: 0
C111: - Plat basement | D111: m2 | E111: 59.819467 | F111: 36.3932 | G111: 235600 | H111: =$F111*G111 -> 8574237.9 | I111: =H111/'REKAP TOTAL'!F44 -> 0.00070517097 | J111: 0 | K111: 0 | L111: 0 | M111: =+P111-J111 -> 0 | N111: =+Q111-K111 -> 0 | O111: =+R111-L111 -> 0 | P111: =+W111 -> 0 | Q111: =+P111/E111 -> 0 | R111: =+Q111*I111 -> 0
C112: - Plat ramp | D112: m2 | E112: 166.71672 | F112: 157.7054 | G112: 235600 | H112: =$F112*G112 -> 37155392 | I112: =H112/'REKAP TOTAL'!F44 -> 0.0030557706 | J112: 0 | K112: 0 | L112: 0 | M112: =+P112-J112 -> 0 | N112: =+Q112-K112 -> 0 | O112: =+R112-L112 -> 0 | P112: =+W112 -> 0 | Q112: =+P112/E112 -> 0 | R112: =+Q112*I112 -> 0
B113: 5 | C113: Bekisting multipleks 12 mm + stoot werk untuk balok tepi Slab on round, temasuk area ramp | D113: m2 | E113: 256.264 | F113: 186.951 | G113: 235600 | H113: =$F113*G113 -> 44045656 | I113: =H113/'REKAP TOTAL'!F44 -> 0.0036224464 | J113: 0 | K113: 0 | L113: 0 | M113: =+P113-J113 -> 0 | N113: =+Q113-K113 -> 0 | O113: =+R113-L113 -> 0 | P113: =+W113 -> 0 | Q113: =+P113/E113 -> 0 | R113: =+Q113*I113 -> 0
C115: Total Pekerjaan Bekisting … | H115: =SUM(H106:H114) -> 1.5274648e+08 | I115: =H115/'REKAP TOTAL'!F44 -> 0.012562328
B117: F | C117: PEKERJAAN PEMBESIAN / TULANGAN
B119: 1 | C119: Pile cap
C120: - PC1 (dia. 16, 13 mm) | D120: kg | E120: 823.59186 | F120: 634.63 | G120: 16600 | H120: =$F120*G120 -> 10534858 | I120: =H120/'REKAP TOTAL'!F44 -> 0.00086641823 | J120: 0 | K120: 0 | L120: 0 | M120: =+P120-J120 -> 0 | N120: =+Q120-K120 -> 0 | O120: =+R120-L120 -> 0 | P120: =+W120 -> 0 | Q120: =+P120/E120 -> 0 | R120: =+Q120*I120 -> 0
C121: - PC2 (dia. 16, 13 mm) | D121: kg | E121: 1695.6217 | F121: 1480.76 | G121: 16600 | H121: =$F121*G121 -> 24580616 | I121: =H121/'REKAP TOTAL'!F44 -> 0.0020215834 | J121: 0 | K121: 0 | L121: 0 | M121: =+P121-J121 -> 0 | N121: =+Q121-K121 -> 0 | O121: =+R121-L121 -> 0 | P121: =+W121 -> 0 | Q121: =+P121/E121 -> 0 | R121: =+Q121*I121 -> 0
B122: 2 | C122: Tie beam | F122: 0 | G122: 0
C123: - TG36 (dia. 19, 10 mm) | D123: kg | E123: 9499.3052 | F123: 9591.42 | G123: 16600 | H123: =$F123*G123 -> 159217572 | I123: =H123/'REKAP TOTAL'!F44 -> 0.013094529 | J123: 0 | K123: 0 | L123: 0 | M123: =+P123-J123 -> 0 | N123: =+Q123-K123 -> 0 | O123: =+R123-L123 -> 0 | P123: =+W123 -> 0 | Q123: =+P123/E123 -> 0 | R123: =+Q123*I123 -> 0
B124: 3 | C124: Kolom | F124: 0 | G124: 0
C125: - PD45 (dia. 16,10 mm) | D125: kg | E125: 1169.0763 | F125: 1952.149 | G125: 16600 | H125: =$F125*G125 -> 32405673 | I125: =H125/'REKAP TOTAL'!F44 -> 0.0026651395 | J125: 0 | K125: 0 | L125: 0 | M125: =+P125-J125 -> 0 | N125: =+Q125-K125 -> 0 | O125: =+R125-L125 -> 0 | P125: =+W125 -> 0 | Q125: =+P125/E125 -> 0 | R125: =+Q125*I125 -> 0
C126: - PD34 (dia. 16,10 mm) | D126: kg | E126: 386.5455 | F126: 572.936 | G126: 16600 | H126: =$F126*G126 -> 9510737.6 | I126: =H126/'REKAP TOTAL'!F44 -> 0.0007821915 | J126: 0 | K126: 0 | L126: 0 | M126: =+P126-J126 -> 0 | N126: =+Q126-K126 -> 0 | O126: =+R126-L126 -> 0 | P126: =+W126 -> 0 | Q126: =+P126/E126 -> 0 | R126: =+Q126*I126 -> 0
B127: 4 | C127: Plat beton
C128: Lantai basement
B129: a | C129: Plat beton lantai, S20 (wiremesh M8 -150) , termasuk tulangan ekstra 2-D16 L=1200 mm / 2 layer | D129: m2 | E129: 1794.584 | F129: 1706.419 | G129: 210400 | H129: =$F129*G129 -> 3.5903056e+08 | I129: =H129/'REKAP TOTAL'!F44 -> 0.029527747 | J129: 0 | K129: 0 | L129: 0 | M129: =+P129-J129 -> 0 | N129: =+Q129-K129 -> 0 | O129: =+R129-L129 -> 0 | P129: =+W129 -> 0 | Q129: =+P129/E129 -> 0 | R129: =+Q129*I129 -> 0
...

Sheet IV.GENERAL REPAIR
B1: ='I. PERSIAPAN'!B1 -> PROGRESS MINGGUAN
B2: ='I. PERSIAPAN'!B2 -> PROYEK SHOWROOM & WORKSHOP
B3: ='I. PERSIAPAN'!B3 -> DAIHATSU Cabang BATAM-KEPULAUAN RIAU
B4: ='I. PERSIAPAN'!B4 -> PT. ASTRA INTERNATIONAL Tbk
B5: ='I. PERSIAPAN'!B5 -> PERIODE : 6- 18 April2026
B6: ='I. PERSIAPAN'!B6 -> MINGGU KE 2 (Dua)
B8: NO | C8: URAIAN PEKERJAAN | F8: SAT | G8: VOLUME | H8: VOLUME | I8: VOLUME | J8: VOLUME | K8: Bobot | L8: Progres s/d Minggu Lalu | O8: Progres Minggu ini | R8: Progres s/d Minggu ini | U8: Ket.
L9: Volume | M9: Progres (%) | N9: Bobot | O9: Volume | P9: Progres (%) | Q9: Bobot | R9: Volume | S9: Progres (%) | T9: Bobot
B11: IV | E11: PEKERJAAN BANGUNAN GENERAL REPAIR
B13: I | E13: =E38 -> PEKERJAAN STRUKTUR
B15: A | E15: =E40 -> PEKERJAAN PENEBALAN PLAT (AREA COMBIBOOTH) | J15: =$J$58 -> 67565140 | K15: =J15/'REKAP TOTAL'!F44 -> 0.0055567591
B16: B | E16: =E60 -> PEKERJAAN WATERPROOFING | J16: =$J$65 -> 24738725 | K16: =J16/'REKAP TOTAL'!F44 -> 0.0020345867
E19: JUMLAH PEKERJAAN STRUKTUR | J19: =SUM(J12:J18) -> 92303864 | K19: =J19/'REKAP TOTAL'!F44 -> 0.0075913458
B22: =B67 -> II | E22: PEKERJAAN ARSITEKTUR
B24: A | E24: =E69 -> PEKERJAAN PASANGAN BATU BATA & PLESTERAN | J24: =$J$77 -> 29038411 | K24: =J24/'REKAP TOTAL'!F44 -> 0.0023882058
B25: B | E25: =E79 -> PEKERJAAN LANTAI | J25: =$J$92 -> 87823151 | K25: =J25/'REKAP TOTAL'!F44 -> 0.0072228385
B26: C | E26: =E94 -> PEKERJAAN FINISHING DINDING | J26: =$J$99 -> 8107110 | K26: =J26/'REKAP TOTAL'!F44 -> 0.00066675297
B27: D | E27: =E101 -> PEKERJAAN PLAFOND | J27: =$J$114 -> 18785031 | K27: =J27/'REKAP TOTAL'!F44 -> 0.0015449371
B28: E | E28: =E116 -> PEKERJAAN PENGECATAN | J28: =$J$127 -> 19401193 | K28: =J28/'REKAP TOTAL'!F44 -> 0.0015956122
B29: F | E29: =E129 -> PEKERJAAN SANITAIR | J29: =$J$139 -> 36188694 | K29: =J29/'REKAP TOTAL'!F44 -> 0.0029762664
B30: G | E30: =E141 -> PEKERJAAN LAIN-LAIN | J30: =$J$260 -> 63946957 | K30: =J30/'REKAP TOTAL'!F44 -> 0.0052591889
E34: JUMLAH PEKERJAAN ARSITEKTUR | J34: =SUM(J24:J33) -> 2.6329055e+08 | K34: =J34/'REKAP TOTAL'!F44 -> 0.021653802
B38: I | E38: PEKERJAAN STRUKTUR
B40: A | C40: 1 | E40: PEKERJAAN PENEBALAN PLAT (AREA COMBIBOOTH)
D42: 1 | E42: Pekerjaan cutting nat + sealant | F42: m' | G42: 25.67 | H42: 25.68 | I42: 117900 | J42: =$H42*I42 -> 3027672 | K42: =J42/'REKAP TOTAL'!F44 -> 0.0002490048
D43: 2 | E43: Pekerjaan sirtu tebal 12 cm , termasuk pemadatan | F43: m3 | G43: 4.1712 | H43: 4.1712 | I43: 721300 | J43: =$H43*I43 -> 3008686.6 | K43: =J43/'REKAP TOTAL'!F44 -> 0.00024744338
D44: 3 | E44: Pekerjaan plastic cor di bawah plat lantai | F44: m2 | G44: 34.76 | H44: 34.76 | I44: 10900 | J44: =$H44*I44 -> 378884 | K44: =J44/'REKAP TOTAL'!F44 -> 3.1160553e-05
D45: 4 | E45: Pekerjaan beton bertulang plat lantai tebal 15 cm (K - 300/Fc 25Mpa) | F45: m3 | G45: 5.7378602 | H45: 5.7378602 | I45: 1477100 | J45: =$H45*I45 -> 8475393.2 | K45: =J45/'REKAP TOTAL'!F44 -> 0.00069704168
D46: 5 | E46: Pekerjaan bekisting multipleks 12 mm + stoot werk untuk Plat Lantai lantai | F46: m2 | G46: 0.95631002 | H46: 0.95631002 | I46: 235600 | J46: =$H46*I46 -> 225306.64 | K46: =J46/'REKAP TOTAL'!F44 -> 1.8529892e-05
D47: 6 | E47: Pekerjaan pembesian / tulangan wiremesh M8- 150 mm | F47: m2 | G47: 38.252401 | H47: 38.252401 | I47: 210400 | J47: =$H47*I47 -> 8048305.2 | K47: =J47/'REKAP TOTAL'!F44 -> 0.00066191668
C49: 2 | E49: PEKERJAAN PENEBALAN PLAT (AREA STALL DEMPUL )
D51: 1 | E51: Pekerjaan cutting nat + sealant | F51: m' | G51: 36.81 | H51: 36.41 | I51: 117900 | J51: =$H51*I51 -> 4292739 | K51: =J51/'REKAP TOTAL'!F44 -> 0.00035304769
D52: 2 | E52: Pekerjaan sirtu tebal 12 cm , termasuk pemadatan | F52: m3 | G52: 9.0792 | H52: 8.86 | I52: 721300 | J52: =$H52*I52 -> 6390718 | K52: =J52/'REKAP TOTAL'!F44 -> 0.00052559176
D53: 3 | E53: Pekerjaan plastic cor di bawah plat lantai | F53: m2 | G53: 75.66 | H53: 73.82 | I53: 10900 | J53: =$H53*I53 -> 804638 | K53: =J53/'REKAP TOTAL'!F44 -> 6.6175835e-05
D54: 4 | E54: Pekerjaan beton bertulang plat lantai tebal 15 cm (K - 300/Fc 25Mpa) | F54: m3 | G54: 12.483669 | H54: 11.07 | I54: 1477100 | J54: =$H54*I54 -> 16351497 | K54: =J54/'REKAP TOTAL'!F44 -> 0.001344796
D55: 5 | E55: Pekerjaan bekisting multipleks 12 mm + stoot werk untuk Plat Lantai lantai | F55: m2 | G55: 2.0806115 | H55: 4.37 | I55: 235600 | J55: =$H55*I55 -> 1029572 | K55: =J55/'REKAP TOTAL'!F44 -> 8.467508e-05
D56: 6 | E56: Pekerjaan pembesian / tulangan wiremesh M8- 150 mm | F56: m2 | G56: 875.65448 | H56: 73.82 | I56: 210400 | J56: =$H56*I56 -> 15531728 | K56: =J56/'REKAP TOTAL'!F44 -> 0.0012773758
E58: Total Pekerjaan penebalan plat lantai … | J58: =SUM(J40:J57) -> 67565140 | K58: =J58/'REKAP TOTAL'!F44 -> 0.0055567591
B60: B | E60: PEKERJAAN WATERPROOFING
D62: 1 | E62: Waterproofing, Cement base type AM 100 3 x Coating ex AM untuk :
E63: - Lantai basement : Lantai & dinding urinoir GR | F63: m2 | G63: 38.606 | H63: 38.606 | I63: 640800 | J63: =$H63*I63 -> 24738725 | K63: =J63/'REKAP TOTAL'!F44 -> 0.0020345867
E65: Total Pekerjaan Waterproofing … | J65: =SUM(J63:J64) -> 24738725 | K65: =J65/'REKAP TOTAL'!F44 -> 0.0020345867
B67: II | E67: PEKERJAAN ARSITEKTUR
B69: A | E69: PEKERJAAN PASANGAN BATU BATA & PLESTERAN
D71: 1 | E71: Pekerjaan batu bata ringan ex. POWERBLOCK/CITICON/Setara uk. 60x20x10 cm lengkap dgn sloof, kolom praktis D-8 mm
D72: b | E72: Lantai basement : r. karu, r. g. part | F72: m2 | G72: 43.7853 | H72: 43.7853 | I72: 282000 | J72: =$H72*I72 -> 12347455 | K72: =J72/'REKAP TOTAL'!F44 -> 0.0010154916
D74: 2 | E74: Plesteran & Acian dinding bata ringan dengan semen instan MU-290 ex. MORTAR UTAMA
D75: b | E75: Lantai basement : r. karu, r. g. part | F75: m2 | G75: 87.5706 | H75: 87.5706 | I75: 190600 | J75: =$H75*I75 -> 16690956 | K75: =J75/'REKAP TOTAL'!F44 -> 0.0013727142
E77: Total Pekerjaan Pasangan Batu bata & Plesteran … | J77: =SUM(J72:J76) -> 29038411 | K77: =J77/'REKAP TOTAL'!F44 -> 0.0023882058
B79: B | E79: PEKERJAAN LANTAI
D81: 1 | E81: Ceramic tile uk. 40x40 cm, type G447106 Vivaz bianco (POLISHED) EX. ROMAN (F2)
E82: - Lantai basement : Area R. g. part, R. g. part exclaim, r. karu, r. security | F82: m2 | G82: 79.357 | H82: 79.357 | I82: 283500 | J82: =$H82*I82 -> 22497710 | K82: =J82/'REKAP TOTAL'!F44 -> 0.0018502789
D83: 2 | E83: Ceramic tile uk. 30x30 cm, type Heavy duty EX. ALLIA (F3)
E84: - Lantai basement : Area stall loading / unloading, general repair, stall dempul | F84: m2 | G84: 106.98 | H84: 106.98 | I84: 507800 | J84: =$H84*I84 -> 54324444 | K84: =J84/'REKAP TOTAL'!F44 -> 0.0044678047
D85: 3 | E85: Border, Ceramic tile uk. 10x60 cm, type GG045 Splash absolute black (UNPOLISHED) EX. NIRO GRANITO (F4)
E86: - Lantai basement : Area stall loading / unloading | F86: m' | G86: 20.4 | H86: 20.4 | I86: 115500 | J86: =$H86*I86 -> 2356200 | K86: =J86/'REKAP TOTAL'!F44 -> 0.00019378093
D87: 4 | E87: Ceramic tile uk. 40x40 cm, type Chrysant Grey (MATT) EX. ROMAN (F5)
E88: - Lantai basement : urinoir GR / toilet mekanik | F88: m2 | G88: 7.256 | H88: 7.256 | I88: 283500 | J88: =$H88*I88 -> 2057076 | K88: =J88/'REKAP TOTAL'!F44 -> 0.00016918008
D89: 5 | E89: Plint, Ceramic tile uk. 10x40 cm, type G332106 Vivaz bianco EX. ROMAN (S2)
E90: - Lantai basement : Area R. g. part, R. g. part exclaim, r. karu, r. security | F90: m' | G90: 62.207 | H90: 62.207 | I90: 105900 | J90: =$H90*I90 -> 6587721.3 | K90: =J90/'REKAP TOTAL'!F44 -> 0.0005417939
E92: Total Pekerjaan Lantai … | J92: =SUM(J80:J91) -> 87823151 | K92: =J92/'REKAP TOTAL'!F44 -> 0.0072228385
B94: C | E94: PEKERJAAN FINISHING DINDING
D96: 1 | E96: Ceramic tile uk. 20x40 cm, type W40106 Serenity white EX. ROMAN (W5)
E97: - Lantai basement : Area urinal GR / toilet mekanik | F97: m2 | G97: 31.35 | H97: 31.35 | I97: 258600 | J97: =$H97*I97 -> 8107110 | K97: =J97/'REKAP TOTAL'!F44 -> 0.00066675297
E99: Total Pekerjaan Finishing dinding … | J99: =SUM(J95:J98) -> 8107110 | K99: =J99/'REKAP TOTAL'!F44 -> 0.00066675297
B101: D | E101: PEKERJAAN PLAFOND
D103: 1 | E103: Gypsum t=9 mm ex Jayaboard + Rangka Hollow 4x4 cm tebal 0.4 mm & penggantung (termasuk
E104: pelubangan untuk lampu ), untuk :
E105: - Lantai basement : r. gd. Part, r. karu, r. security | F105: m2 | G105: 79.357 | H105: 79.357 | I105: 186900 | J105: =$H105*I105 -> 14831823 | K105: =J105/'REKAP TOTAL'!F44 -> 0.0012198135
D106: 2 | E106: Gypsum Waterproof t=9 mm ex Jayaboard ( Water Resist ) + Rangka Hollow 4x4 cm tebal 0.4 mm & penggantung
E107: termasuk pelubangan utk lampu, untuk :
E108: - Lantai basement : urinoir GR | F108: m2 | G108: 7.256 | H108: 7.256 | I108: 218100 | J108: =$H108*I108 -> 1582533.6 | K108: =J108/'REKAP TOTAL'!F44 -> 0.0001301523
D109: 3 | E109: List alumunium U uk. 9 mm untuk plafond gypsum | I109: 0
E110: - Lantai basement : r. gd. Part, r. karu, r. security, urinal | F110: m' | G110: 72.749 | H110: 72.749 | I110: 26000 | J110: =$H110*I110 -> 1891474 | K110: =J110/'REKAP TOTAL'!F44 -> 0.00015556048
D111: 4 | E111: Exposed ceiling w/ touch up | I111: 0
E112: - Lantai basement : R. part ex. Claim | F112: m2 | G112: 8 | H112: 8 | I112: 59900 | J112: =$H112*I112 -> 479200 | K112: =J112/'REKAP TOTAL'!F44 -> 3.9410841e-05
E114: Total Pekerjaan Plafond … | J114: =SUM(J102:J113) -> 18785031 | K114: =J114/'REKAP TOTAL'!F44 -> 0.0015449371
B116: E | E116: PEKERJAAN PENGECATAN
D118: 1 | E118: Pengecatan Dinding Batu Bata bagian dalam dengan Vinyl acrylic emultion paint col. Brilliant white EX. DULUX
E119: - Lantai basement : R. karu, r. g. part | F119: m2 | G119: 87.5706 | H119: 87.5706 | I119: 31500 | J119: =$H119*I119 -> 2758473.9 | K119: =J119/'REKAP TOTAL'!F44 -> 0.00022686514
D120: 2 | E120: Pengecatan Plafond Gypsum dengan Vinyl acrylic emultion paint col. Brilliant white EX. DULUX
E121: - Lantai basement : r. gd. Part, urinal, r. karu, r. security | F121: m2 | G121: 86.613 | H121: 86.613 | I121: 31500 | J121: =$H121*I121 -> 2728309.5 | K121: =J121/'REKAP TOTAL'!F44 -> 0.00022438433
D122: 3 | E122: Refinish, Pengecatan dinding dengan oil paint ftalit type 731, H = 2,1 m EX. KANSAI
E123: - Lantai basement : R. part exclaim, r. karu | F123: m2 | G123: 47.3235 | H123: 47.3235 | I123: 41700 | J123: =$H123*I123 -> 1973389.9 | K123: =J123/'REKAP TOTAL'!F44 -> 0.00016229749
D124: 4 | E124: Re-finish, pengecatan Dinding bata dalam dengan Vinyl acrylic emultion paint col. Brilliant white EX. DULUX
E125: - Lantai basement : ruang g. part, r. part exclaim, urinal, r. karu, r. security | F125: m2 | G125: 379.08 | H125: 379.08 | I125: 31500 | J125: =$H125*I125 -> 11941020 | K125: =J125/'REKAP TOTAL'!F44 -> 0.00098206519
E127: Total Pekerjaan Pengecatan … | J127: =SUM(J118:J126) -> 19401193 | K127: =J127/'REKAP TOTAL'!F44 -> 0.0015956122
B129: F | E129: PEKERJAAN SANITAIR
E131: URINOIR GENERAL REPAIR
D132: 1 | E132: Floor drain type TX1EB EEX. TOTO | F132: unit | G132: 1 | H132: 1 | I132: 594200 | J132: =$H132*I132 -> 594200 | K132: =J132/'REKAP TOTAL'!F44 -> 4.8868785e-05
D133: 2 | E133: Penyekat dinding h = 1200 mm fin. Ceramic tile uk. 20x40 cm, type W40106 Serenity white EX. ROMAN (W5) | F133: m2 | G133: 3.7488 | H133: 3.7488 | I133: 942700 | J133: =$H133*I133 -> 3533993.8 | K133: =J133/'REKAP TOTAL'!F44 -> 0.00029064621
D134: 3 | E134: Cermin uk. 600 x 1200 mm T= 5 mm | F134: unit | G134: 1 | H134: 1 | I134: 1071000 | J134: =$H134*I134 -> 1071000 | K134: =J134/'REKAP TOTAL'!F44 -> 8.8082243e-05
D135: 4 | E135: Wastafel type LW811CJ + TX109 LD EX. TOTO | F135: unit | G135: 1 | H135: 1 | I135: 4076500 | J135: =$H135*I135 -> 4076500 | K135: =J135/'REKAP TOTAL'!F44 -> 0.00033526355
D136: 5 | E136: Urinoir type UW447JNM EX. TOTO | F136: unit | G136: 3 | H136: 3 | I136: 6836400 | J136: =$H136*I136 -> 20509200 | K136: =J136/'REKAP TOTAL'!F44 -> 0.0016867379
D137: 6 | E137: Penyekat Urinoir type AW115J EX. TOTO | F137: unit | G137: 3 | H137: 3 | I137: 2134600 | J137: =$H137*I137 -> 6403800 | K137: =J137/'REKAP TOTAL'!F44 -> 0.00052666766
E139: Total Pekerjaan Sanitair … | J139: =SUM(J131:J138) -> 36188694 | K139: =J139/'REKAP TOTAL'!F44 -> 0.0029762664
B141: G | E141: PEKERJAAN LAIN-LAIN
B143: 1 | E143: PEKERJAAN HYDRANT PORTABLE
C145: A | E145: PEKERJAAN ARSITEKTUR
D146: 1 | E146: Pekerjaan lantai, exposed concrete (F6) | F146: m2 | G146: 5 | H146: 5 | I146: 59900 | J146: =$H146*I146 -> 299500 | K146: =J146/'REKAP TOTAL'!F44 -> 2.4631776e-05
...

Sheet V.OFFICE & SHOWROOM
B1: ='I. PERSIAPAN'!B1 -> PROGRESS MINGGUAN
B2: ='I. PERSIAPAN'!B2 -> PROYEK SHOWROOM & WORKSHOP
B3: ='I. PERSIAPAN'!B3 -> DAIHATSU Cabang BATAM-KEPULAUAN RIAU
B4: ='I. PERSIAPAN'!B4 -> PT. ASTRA INTERNATIONAL Tbk
B5: ='I. PERSIAPAN'!B5 -> PERIODE : 6- 18 April2026
B6: ='I. PERSIAPAN'!B6 -> MINGGU KE 2 (Dua)
B8: NO | C8: URAIAN PEKERJAAN | F8: SAT | G8: VOLUME | H8: VOLUME | I8: VOLUME | J8: VOLUME | K8: Bobot | L8: Progres s/d Minggu Lalu | O8: Progres Minggu ini | R8: Progres s/d Minggu ini | U8: Ket.
I9: ( Rp. ) | J9: ( Rp. ) | L9: Volume | M9: Progres (%) | N9: Bobot | O9: Volume | P9: Progres (%) | Q9: Bobot | R9: Volume | S9: Progres (%) | T9: Bobot
B11: IV | E11: PEKERJAAN BANGUNAN OFFICE & SHOWROOM
B14: =B29 -> 1 | E14: PEKERJAAN ARSITEKTUR
B16: A | E16: =E31 -> PEKERJAAN PASANGAN BATU BATA & PLESTERAN | J16: =$J$39 -> 8729370 | K16: =J16/'REKAP TOTAL'!F44 -> 0.00071792949
B17: B | E17: =E41 -> PEKERJAAN DINDING PARTISI GYPSUM | J17: =$J$47 -> 6213990 | K17: =J17/'REKAP TOTAL'!F44 -> 0.00051105712
B18: B | E18: =E49 -> PEKERJAAN KOSEN, PINTU & JENDELA | J18: =$J$65 -> 13700000 | K18: =J18/'REKAP TOTAL'!F44 -> 0.001126729
B19: C | E19: =E67 -> PEKERJAAN PLAFOND | J19: =$J$77 -> 21189425 | K19: =J19/'REKAP TOTAL'!F44 -> 0.0017426817
B20: D | E20: =E79 -> PEKERJAAN PENGECATAN | J20: =$J$96 -> 13594172 | K20: =J20/'REKAP TOTAL'!F44 -> 0.0011180253
B21: E | E21: =E98 -> PEKERJAAN SANITAIR | J21: =$J$116 -> 71880934 | K21: =J21/'REKAP TOTAL'!F44 -> 0.005911703
E25: JUMLAH PEKERJAAN ARSITEKTUR | J25: =SUM(J14:J22) -> 1.3530789e+08 | K25: =J25/'REKAP TOTAL'!F44 -> 0.011128126
B29: 1 | E29: PEKERJAAN ARSITEKTUR
B31: A | E31: PEKERJAAN PASANGAN BATU BATA & PLESTERAN
D33: 1 | E33: Pekerjaan batu bata ringan ex. POWERBLOCK/CITICON/Setara uk. 60x20x10 cm lengkap dgn sloof, kolom praktis D-8 mm
D34: b | E34: Lantai 2 : r. salesman | F34: m2 | G34: 13.1625 | H34: 13.1625 | I34: 282000 | J34: =$H34*I34 -> 3711825 | K34: =J34/'REKAP TOTAL'!F44 -> 0.00030527159
D36: 2 | E36: Plesteran & Acian dinding bata ringan dengan semen instan MU-290 ex. MORTAR UTAMA
D37: b | E37: Lantai 2 : r. salesman | F37: m2 | G37: 26.325 | H37: 26.325 | I37: 190600 | J37: =$H37*I37 -> 5017545 | K37: =J37/'REKAP TOTAL'!F44 -> 0.00041265791
E39: Total Pekerjaan Pasangan Batu bata & Plesteran … | J39: =SUM(J34:J38) -> 8729370 | K39: =J39/'REKAP TOTAL'!F44 -> 0.00071792949
B41: B | E41: PEKERJAAN DINDING PARTISI GYPSUM
B43: 1 | E43: Partisi Gypsum, t= 12 mm ex. Jayaboard berikut Rangka Hollow 40x40, t=0.4 mm
E44: - Lantai 1 : r. admin | F44: m2 | G44: 7.65 | H44: 7.65 | I44: 402200 | J44: =$H44*I44 -> 3076830 | K44: =J44/'REKAP TOTAL'!F44 -> 0.0002530477
E45: - Lantai 2 : r. salesman | F45: m2 | G45: 7.8 | H45: 7.8 | I45: 402200 | J45: =$H45*I45 -> 3137160 | K45: =J45/'REKAP TOTAL'!F44 -> 0.00025800942
E47: Total Pekerjaan Dinding Partisi Gypsum … | J47: =SUM(J43:J46) -> 6213990 | K47: =J47/'REKAP TOTAL'!F44 -> 0.00051105712
B49: B | E49: PEKERJAAN KOSEN, PINTU & JENDELA
B51: 1 | E51: Type AD-1 (1000x2800 mm) untuk R. salesman | F51: unit | G51: 1 | H51: 1 | I51: 6997200 | J51: =$H51*I51 -> 6997200 | K51: =J51/'REKAP TOTAL'!F44 -> 0.00057547065
E52: - Aluminium frame 3" powder coating snow white EX. ALEXINDO
E53: - Single swing door
E54: - Clear glass t= 6 mm, EX. ASAHIMAS + Sticker sandblast
E55: - Accesorries :
E56: * Lever Handle EX. DEKKSON type LHSR 039 SSS OVAL
E57: * Cylinder dead lock EX. DEKKSON
E58: * Butt hinge EX. DEKKSON
B60: 2 | E60: Type AW-1 (3200x1877 mm) untuk R. salesman | F60: unit | G60: 1 | H60: 1 | I60: 6702800 | J60: =$H60*I60 -> 6702800 | K60: =J60/'REKAP TOTAL'!F44 -> 0.00055125832
E61: - Aluminium frame 3" powder coating snow white EX. ALEXINDO
E62: - Fixed window
E63: - Clear glass t= 6 mm, EX. ASAHIMAS
E65: Total Pekerjaan Kosen, pintu & jendela … | J65: =SUM(J49:J64) -> 13700000 | K65: =J65/'REKAP TOTAL'!F44 -> 0.001126729
B67: C | E67: PEKERJAAN PLAFOND
B69: 1 | E69: Gypsum t=9 mm ex Jayaboard + Rangka Hollow 4x4 cm tebal 0.4 mm & penggantung (termasuk
E70: pelubangan untuk lampu ), untuk :
E71: - Lantai 1 : r. admin | F71: m2 | G71: 28 | H71: 28 | I71: 186900 | J71: =$H71*I71 -> 5233200 | K71: =J71/'REKAP TOTAL'!F44 -> 0.00043039402
E72: - Lantai 2 : r. salesman | F72: m2 | G72: 77.05 | H72: 77.05 | I72: 186900 | J72: =$H72*I72 -> 14400645 | K72: =J72/'REKAP TOTAL'!F44 -> 0.0011843521
B73: 2 | E73: List alumunium U uk. 9 mm untuk plafond gypsum
E74: - Lantai 1 | F74: m' | G74: 21.5 | H74: 21.5 | I74: 26000 | J74: =$H74*I74 -> 559000 | K74: =J74/'REKAP TOTAL'!F44 -> 4.5973832e-05
E75: - Lantai 2 | F75: m' | G75: 38.33 | H75: 38.33 | I75: 26000 | J75: =$H75*I75 -> 996580 | K75: =J75/'REKAP TOTAL'!F44 -> 8.1961719e-05
E77: Total Pekerjaan Plafond … | J77: =SUM(J70:J76) -> 21189425 | K77: =J77/'REKAP TOTAL'!F44 -> 0.0017426817
B79: D | E79: PEKERJAAN PENGECATAN
B81: 1 | E81: Re-finish, Pengecatan Dinding Batu Bata bagian luar dengan Emultion paint col. Putih 888 44855 (Weathershield) EX. DULUX CATYLAX EXTERIOR | K81: =SUM(K81:K94) -> 0
E82: - Lantai 2 : r. salesman | F82: m2 | G82: 74.802 | H82: 74.802 | I82: 41700 | J82: =$H82*I82 -> 3119243.4 | K82: =J82/'REKAP TOTAL'!F44 -> 0.0002565359
B83: 2 | E83: Re-finish, pengecatan Dinding bata dalam dengan Vinyl acrylic emultion paint col. Brilliant white EX. DULUX
E84: - Lantai 1 : Pantry & r. admin | F84: m2 | G84: 117.7722 | H84: 117.7722 | I84: 31500 | J84: =$H84*I84 -> 3709824.3 | K84: =J84/'REKAP TOTAL'!F44 -> 0.00030510704
E85: - Lantai 2 : Pantry & r. salesman | F85: m2 | G85: 77.0952 | H85: 77.0952 | I85: 31500 | J85: =$H85*I85 -> 2428498.8 | K85: =J85/'REKAP TOTAL'!F44 -> 0.000199727
B86: 3 | E86: Pengecatan Plafond dengan Vinyl acrylic emultion paint col. Brilliant white EX. DULUX
E87: - Lantai 1 : R. admin | F87: m2 | G87: 28 | H87: 28 | I87: 31500 | J87: =$H87*I87 -> 882000 | K87: =J87/'REKAP TOTAL'!F44 -> 7.2538318e-05
E88: - Lantai 2 : r. salesman | F88: m2 | G88: 77.05 | H88: 77.05 | I88: 31500 | J88: =$H88*I88 -> 2427075 | K88: =J88/'REKAP TOTAL'!F44 -> 0.00019960991
B89: 4 | E89: Re-finsih, pengecatan Plafond dengan Vinyl acrylic emultion paint col. Brilliant white EX. DULUX
E90: - Lantai 1 : pantry | F90: m2 | G90: 4.76 | H90: 4.76 | I90: 31500 | J90: =$H90*I90 -> 149940 | K90: =J90/'REKAP TOTAL'!F44 -> 1.2331514e-05
E91: - Lantai 2 : pantry | F91: m2 | G91: 4.76 | H91: 4.76 | I91: 31500 | J91: =$H91*I91 -> 149940 | K91: =J91/'REKAP TOTAL'!F44 -> 1.2331514e-05
B92: 5 | E92: Pengecatan Dinding Partisi Gypsum dengan Vinyl acrylic emultion paint col. Brilliant white EX. DULUX
E93: - Lantai 1 : r. admin | F93: m2 | G93: 15.3 | H93: 15.3 | I93: 31500 | J93: =$H93*I93 -> 481950 | K93: =J93/'REKAP TOTAL'!F44 -> 3.9637009e-05
E94: - Lantai 2 : r. salesman | F94: m2 | G94: 7.8 | H94: 7.8 | I94: 31500 | J94: =$H94*I94 -> 245700 | K94: =J94/'REKAP TOTAL'!F44 -> 2.0207103e-05
E96: Total Pekerjaan Pengecatan … | J96: =SUM(J80:J95) -> 13594172 | K96: =J96/'REKAP TOTAL'!F44 -> 0.0011180253
B98: E | E98: PEKERJAAN SANITAIR
E100: PANTRY LT. 1
B101: 1 | E101: Kitchen sink 1 lubang type CLARA SB-35 termasuk P-Trap EX. ROYAL | F101: unit | G101: 1 | H101: 1 | I101: 1292000 | J101: =$H101*I101 -> 1292000 | K101: =J101/'REKAP TOTAL'!F44 -> 0.00010625794
B102: 2 | E102: Kran kitchen sink type T30 AR13V7N EX. TOTO | F102: unit | G102: 1 | H102: 1 | I102: 639200 | J102: =$H102*I102 -> 639200 | K102: =J102/'REKAP TOTAL'!F44 -> 5.2569719e-05
B103: 3 | E103: Meja w/ Top kitchen table fin. ceramic tile uk. 300 x 300 mm type vivaz bianco EX. ROMAN uk. 1350 x 600 mm | F103: unit | G103: 1 | H103: 1 | I103: 1788300 | J103: =$H103*I103 -> 1788300 | K103: =J103/'REKAP TOTAL'!F44 -> 0.00014707514
B104: 4 | E104: Lemari atas w/ plywood 18 mm fin. Laminate HPL Type TH 850 J Cocoa afromosia EX. TACO uk. 1350 x 1350 x 400 mm | F104: unit | G104: 1 | H104: 1 | I104: 11900000 | J104: =$H104*I104 -> 11900000 | K104: =J104/'REKAP TOTAL'!F44 -> 0.00097869159
B105: 5 | E105: Lemari bawah w/ plywood 18 mm fin. Laminate HPL Type TH 850 J Cocoa afromosia EX. TACO uk. 1350 x 850 x 600 mm | F105: unit | G105: 1 | H105: 1 | I105: 8925000 | J105: =$H105*I105 -> 8925000 | K105: =J105/'REKAP TOTAL'!F44 -> 0.00073401869
B106: 6 | E106: Backsplash ceramic uk. 30 x 30 vivaz bianco EX. ROMAN, H = 600 mm | F106: m2 | G106: 1.53 | H106: 1.53 | I106: 253900 | J106: =$H106*I106 -> 388467 | K106: =J106/'REKAP TOTAL'!F44 -> 3.1948688e-05
J107: =$H107*I107 -> 0 | K107: =J107/'REKAP TOTAL'!F44 -> 0
E108: PANTRY LT. 2 | J108: =$H108*I108 -> 0
B109: 1 | E109: Kitchen sink 1 lubang type CLARA SB-35 termasuk P-Trap EX. ROYAL | F109: unit | G109: 1 | H109: 1 | I109: 1292000 | J109: =$H109*I109 -> 1292000 | K109: =J109/'REKAP TOTAL'!F44 -> 0.00010625794
B110: 2 | E110: Kran kitchen sink type T30 AR13V7N EX. TOTO | F110: unit | G110: 1 | H110: 1 | I110: 639200 | J110: =$H110*I110 -> 639200 | K110: =J110/'REKAP TOTAL'!F44 -> 5.2569719e-05
B111: 3 | E111: Meja w/ Top kitchen table fin. ceramic tile uk. 300 x 300 mm type vivaz bianco EX. ROMAN uk. 2900 x 600 mm | F111: unit | G111: 1 | H111: 1 | I111: 1788300 | J111: =$H111*I111 -> 1788300 | K111: =J111/'REKAP TOTAL'!F44 -> 0.00014707514
B112: 4 | E112: Lemari atas w/ plywood 18 mm fin. Laminate HPL Type TH 850 J Cocoa afromosia EX. TACO uk. 2900 x 1350 x 400 mm | F112: unit | G112: 1 | H112: 1 | I112: 23800000 | J112: =$H112*I112 -> 23800000 | K112: =J112/'REKAP TOTAL'!F44 -> 0.0019573832
B113: 5 | E113: Lemari bawah w/ plywood 18 mm fin. Laminate HPL Type TH 850 J Cocoa afromosia EX. TACO uk. 2900 x 850 x 600 mm | F113: unit | G113: 1 | H113: 1 | I113: 19040000 | J113: =$H113*I113 -> 19040000 | K113: =J113/'REKAP TOTAL'!F44 -> 0.0015659065
B114: 6 | E114: Backsplash ceramic uk. 30 x 30 vivaz bianco EX. ROMAN, H = 600 mm | F114: m2 | G114: 1.53 | H114: 1.53 | I114: 253900 | J114: =$H114*I114 -> 388467 | K114: =J114/'REKAP TOTAL'!F44 -> 3.1948688e-05
E116: Total Pekerjaan Sanitair … | J116: =SUM(J99:J115) -> 71880934 | K116: =J116/'REKAP TOTAL'!F44 -> 0.005911703

Sheet VI.KONDISI EXISTING
A1: ='I. PERSIAPAN'!B1 -> PROGRESS MINGGUAN
A2: ='I. PERSIAPAN'!B2 -> PROYEK SHOWROOM & WORKSHOP
A3: ='I. PERSIAPAN'!B3 -> DAIHATSU Cabang BATAM-KEPULAUAN RIAU
A4: ='I. PERSIAPAN'!B4 -> PT. ASTRA INTERNATIONAL Tbk
A5: ='I. PERSIAPAN'!B5 -> PERIODE : 6- 18 April2026
A6: ='I. PERSIAPAN'!B6 -> MINGGU KE 2 (Dua)
A8: NO | B8: URAIAN PEKERJAAN | E8: SAT | F8: VOLUME | J8: Bobot | K8: Progres s/d Minggu Lalu | N8: Progres Minggu ini | Q8: Progres s/d Minggu ini | T8: Ket.
G9: VOLUME | H9: VOLUME | I9: VOLUME | K9: Volume | L9: Progres (%) | M9: Bobot | N9: Volume | O9: Progres (%) | P9: Bobot | Q9: Volume | R9: Progres (%) | S9: Bobot
A11: IV | D11: PEKERJAAN KONDISI EXISTING
A14: =A22 -> A | D14: PEKERJAAN KONDISI EXISTING
A16: A | D16: =D22 -> PEKERJAAN PEMBONGKARAN & PERBAIKAN | I16: =$I$36 -> 43917400 | J16: =I16/'REKAP TOTAL'!F44 -> 0.0036118983
D18: JUMLAH PEKERJAAN ARSITEKTUR | I18: =SUM(I14:I16) -> 43917400 | J18: =I18/'REKAP TOTAL'!F44 -> 0.0036118983
A22: A | D22: PEKERJAAN PEMBONGKARAN & PERBAIKAN
D24: Pekerjaan biaya pembongkaran & perbaikan, antara lain :
C25: 1 | D25: Paving area Pintu masuk Stall bengkel amblas menyebabkan keramik rusak (titik 1 & 2) | E25: m2 | F25: 18 | G25: 18 | H25: 173300 | I25: =$G25*H25 -> 3119400 | J25: =I25/'REKAP TOTAL'!F44 -> 0.00025654878
C26: 2 | D26: Paving area Stall DEC amblas karena tergerus air hujan (titik 2) | E26: m2 | F26: 20 | G26: 20 | H26: 143200 | I26: =$G26*H26 -> 2864000 | J26: =I26/'REKAP TOTAL'!F44 -> 0.00023554392
C27: 3 | D27: Paving Area Depan Showroom Amblas tergerus air hujan (titik 3) | E27: m2 | F27: 15 | G27: 15 | H27: 146400 | I27: =$G27*H27 -> 2196000 | J27: =I27/'REKAP TOTAL'!F44 -> 0.00018060561
C28: 4 | D28: Tangga Keramik showroom, isi tanah dalam keramik turun sehingga keramik mudah lepas dan patah | E28: m2 | F28: 20 | G28: 20 | H28: 435000 | I28: =$G28*H28 -> 8700000 | J28: =I28/'REKAP TOTAL'!F44 -> 0.00071551402
C29: 5 | D29: Lampu taman yang sudah rusak, pergantian wadah dan lampu serta Instalasi 15 Titik | E29: ttk | F29: 15 | G29: 15 | H29: 1130500 | I29: =$G29*H29 -> 16957500 | J29: =I29/'REKAP TOTAL'!F44 -> 0.0013946355
C30: 6 | D30: Atap koridor Mekanik Bocor | E30: ls | F30: 1 | G30: 1 | H30: 2636000 | I30: =$G30*H30 -> 2636000 | J30: =I30/'REKAP TOTAL'!F44 -> 0.00021679252
C31: 7 | D31: Plafond Ruang Mekanik GR Bocor dan berlubang | E31: ls | F31: 1 | G31: 1 | H31: 4355400 | I31: =$G31*H31 -> 4355400 | J31: =I31/'REKAP TOTAL'!F44 -> 0.00035820112
C32: 8 | D32: Rembesan air hujan dari beton pada Basement | E32: ls | F32: 1 | G32: 1 | H32: 1694100 | I32: =$G32*H32 -> 1694100 | J32: =I32/'REKAP TOTAL'!F44 -> 0.00013932785
C33: 9 | D33: Pergantian Minor Keramik Stall uk. 20 x 20 cm yang rusak (material by existing) | E33: ttk | F33: 50 | G33: 50 | H33: 27900 | I33: =$G33*H33 -> 1395000 | J33: =I33/'REKAP TOTAL'!F44 -> 0.00011472897
D36: Total Pekerjaan kondisi existing … | I36: =SUM(I23:I35) -> 43917400 | J36: =I36/'REKAP TOTAL'!F44 -> 0.0036118983

Sheet REKAP ME
A3: BILL OF ITEM
A4: PROJECT STANDARISASI SHOWROOM DAIHATSU - CAB. BATAM
A5: PT. ASTRA INTERNATIONAL Tbk .- DAIHATSU SALES OPERATION
A6: PEKERJAAN MEKANIKAL, ELEKTRIKAL & PLUMBING
A8: NO | B8: PEKERJAAN M & E | C8: TOTAL HARGA
A10: 1 | B10: Pekerjaan Infrastuktur
B11: Pekerjaan Mekanikal | C11: ='I. Mek. Infrastruktur'!G59 -> 2.0200201e+08
B12: Pekerjaan Elektrikal | C12: ='I. Elektrikal Infrastruktur'!G43 -> 2.2968894e+08
A14: 2 | B14: Pekerjaan Bangunan Body Repair
B15: Pekerjaan Mekanikal | C15: ='II. Mek. Body Repair'!F187 -> 3.8085344e+08
B16: Pekerjaan Elektrikal | C16: ='II. Elektrikal Body Repair'!G169 -> 4.6950555e+08
B17: Pekerjaan Elektronik | C17: ='I. Elektronik Body Repair'!G61 -> 20370217
A19: 3 | B19: Pekerjaan Bangunan General Repair
B20: Pekerjaan Mekanikal | C20: ='III. Mek. General Repair'!F87 -> 27712542
B21: Pekerjaan Elektrikal | C21: ='III. Elektrikal General Repair'!G89 -> 36769336
A23: 4 | B23: Pekerjaan Bangunan Office dan Showroom
B24: Pekerjaan Elektrikal | C24: ='IV. Elekt Office & Showroom'!G45 -> 13444408
B27: JUMLAH TOTAL PEKERJAAN M & E | C27: =SUM(C10:C25) -> 1.3803464e+09

Sheet I. Mek. Infrastruktur
B1: ='I. PERSIAPAN'!B1 -> PROGRESS MINGGUAN
B2: ='I. PERSIAPAN'!B2 -> PROYEK SHOWROOM & WORKSHOP
B3: ='I. PERSIAPAN'!B3 -> DAIHATSU Cabang BATAM-KEPULAUAN RIAU
B4: ='I. PERSIAPAN'!B4 -> PT. ASTRA INTERNATIONAL Tbk
B5: ='I. PERSIAPAN'!B5 -> PERIODE : 6- 18 April2026
B6: ='I. PERSIAPAN'!B6 -> MINGGU KE 2 (Dua)
B8: NO | C8: URAIAN PEKERJAAN | D8: VOL | E8: SAT | F8: Harga | G8: Total | H8: Bobot | I8: Progres s/d Minggu Lalu | L8: Progres Minggu ini | O8: Progres s/d Minggu ini | R8: Ket.
F9: Satuan | G9: Harga | I9: Volume | J9: Progres (%) | K9: Bobot | L9: Volume | M9: Progres (%) | N9: Bobot | O9: Volume | P9: Progres (%) | Q9: Bobot
B10: A | C10: PEKERJAAN PLUMBING
C11: Pengadaan dan pemasangan Peralatan utama instalasi pekerjaan
C12: plumbing lengkap dgn material & peralatan bantu sesuai dengan
C13: gambar dan spesifikasi teknis
B15: 1 | C15: Peralatan Utama
B16: a | C16: IPAL | D16: ls | E16: 1 | F16: 176649000 | G16: =E16*F16 -> 176649000 | H16: =G16/'REKAP TOTAL'!F44 -> 0.014528142 | I16: =SUM(G17:G46) -> 0
B17: a.1 | C17: Tangki IPAL ( p x l x t ) : 240 x 120 x 180 = ( 1 ls )
C18: Bahan : FRP + Support
C19: Include : Media Bakteri Honey Comb
B20: a.2 | C20: Air Blower = ( 2 pcs )
C21: Type : Linier
C22: Brand : Resun or equal
C23: Power : 100 watt / 220 V
B24: a.3 | C24: Pompa Intake = ( 1 pcs )
C25: Type : Centrifugal / Celup
C26: Brand : San ei equal
C27: Power : 100-180 watt / 220 V
B28: a.4 | C28: Pompa Transfer = ( 1 pcs )
C29: Type : Centrifugal / Celup
C30: Brand : San ei equal
C31: Power : 100-180 watt / 220 V
B32: a.5 | C32: Meteran Air = ( 1 pcs )
C33: Type : Analog - Rotary
C34: Brand : Amico
C35: Size : 1 Inci
B36: a.6 | C36: Panel Control = ( 1 unit )
C37: Tipe : Outdoor
C38: Aksesories : Auto Manual Push on off, Timer, mcb, contactor,over load , pilot lamb
B39: a.7 | C39: Jaringan Pemipaan = ( 1 lot )
C40: Jenis Pipa : AW Tebal
B41: a.8 | C41: Jaringan Kabel Instalasi = ( 1 lot )
C42: Jenis Kabel : NYYHY 4 x 1,5
C43: NYM 2 x 1,5
B44: a.9 | C44: Bak Penampung Output IPAL Type : Tom air 500 liter = ( 1 pcs )
B45: a.10 | C45: Tabung Filter + Media : Media Carbon + Silica = ( 1 unit )
B46: a.11 | C46: Test Coommissioning = ( 1 lot )
B48: b | C48: Oil Trap | D48: unit | E48: 1 | F48: Existing | G48: By civil
B50: c | C50: Sedimen Trap | D50: unit | E50: 1 | G50: By civil
B52: B | C52: PEKERJAAN PEMADAM KEBAKARAN
B53: 1 | C53: Instalasi Pemadam Kebakaran
B54: - | C54: Hose Box / Box Hydrant Luar | D54: unit | E54: 3 | F54: 8451004.6 | G54: =E54*F54 -> 25353014 | H54: =G54/'REKAP TOTAL'!F44 -> 0.0020851077
C55: Tipe C OHB Box complete
C56: 1 Nozzle 2,5" Machino Coupling
C57: 1 Fire Hose TPU 2,5" x 30 mtr include Machino Coupling
C59: Total Pekerjaan Mekanikal | G59: =SUM(G14:G58) -> 2.0200201e+08 | H59: =G59/'REKAP TOTAL'!F44 -> 0.01661325

Sheet II. Mek. Body Repair
A1: ='I. PERSIAPAN'!B1 -> PROGRESS MINGGUAN
A2: ='I. PERSIAPAN'!B2 -> PROYEK SHOWROOM & WORKSHOP
A3: ='I. PERSIAPAN'!B3 -> DAIHATSU Cabang BATAM-KEPULAUAN RIAU
A4: ='I. PERSIAPAN'!B4 -> PT. ASTRA INTERNATIONAL Tbk
A5: ='I. PERSIAPAN'!B5 -> PERIODE : 6- 18 April2026
A6: ='I. PERSIAPAN'!B6 -> MINGGU KE 2 (Dua)
A8: NO | B8: URAIAN PEKERJAAN | C8: VOL | D8: SAT | E8: Harga | F8: Total | G8: Bobot | H8: Progres s/d Minggu Lalu | K8: Progres Minggu ini | N8: Progres s/d Minggu ini | Q8: Ket.
E9: Satuan | F9: Harga | H9: Volume | I9: Progres (%) | J9: Bobot | K9: Volume | L9: Progres (%) | M9: Bobot | N9: Volume | O9: Progres (%) | P9: Bobot
A10: A | B10: PEKERJAAN PLUMBING
A11: 1 | B11: Pek. pemipaan air bersih
B12: Type : Class 10k
B13: Spesifikasi : Rucika
A14: a | B14: Lantai Basement
B15: Pemipaan area Toilet :
A16: - | B16: dia.25 | C16: ml | D16: 2 | E16: 61487.392 | F16: =D16*E16 -> 122974.78 | G16: =F16/'REKAP TOTAL'!F44 -> 1.0113814e-05
A17: - | B17: dia.20 | C17: ml | D17: 10 | E17: 43723.752 | F17: =D17*E17 -> 437237.52 | G17: =F17/'REKAP TOTAL'!F44 -> 3.5959721e-05
A18: - | B18: dia.15 | C18: ml | D18: 13 | E18: 32928.79 | F18: =D18*E18 -> 428074.27 | G18: =F18/'REKAP TOTAL'!F44 -> 3.5206108e-05
A20: - | B20: Pemipaan area Stall :
B21: Æ 20 | C21: ml | D21: 15 | E21: 43723.752 | F21: =D21*E21 -> 655856.28 | G21: =F21/'REKAP TOTAL'!F44 -> 5.3939582e-05
A22: - | B22: Hose nozzle stall Æ 20 | C22: bh | D22: 2 | E22: 180815.25 | F22: =D22*E22 -> 361630.5 | G22: =F22/'REKAP TOTAL'!F44 -> 2.9741574e-05
A24: - | B24: Gate Valve Æ 25 | C24: bh | D24: 2 | E24: 474351.14 | F24: =D24*E24 -> 948702.27 | G24: =F24/'REKAP TOTAL'!F44 -> 7.8024112e-05
A26: - | B26: peralatan bantu, fitting & accesoris lainnya | C26: lot | D26: 1 | E26: 218588.14 | F26: =D26*E26 -> 218588.14 | G26: =F26/'REKAP TOTAL'!F44 -> 1.7977342e-05
A28: 2 | B28: Pek. pemipaan Air kotor, bekas, vent & pipa oli
B29: Type : Class AW
A30: 2.1 | B30: Pek. pemipaan Air kotor & bekas
A31: a | B31: Lantai Basement
B32: Type : Class AW
A33: - | B33: Æ 80 pipa area toilet hingga ke Saluran dan Biotech Existing | C33: ml | D33: 61 | E33: 153634.64 | F33: =D33*E33 -> 9371712.7 | G33: =F33/'REKAP TOTAL'!F44 -> 0.00077075768
A34: - | B34: Æ 50 pipa di area toilet | C34: ml | D34: 10 | E34: 141794.15 | F34: =D34*E34 -> 1417941.5 | G34: =F34/'REKAP TOTAL'!F44 -> 0.00011661575
A35: - | B35: peralatan bantu, fitting & accesoris lainnya | C35: lot | D35: 1 | E35: 353500 | F35: =D35*E35 -> 353500 | G35: =F35/'REKAP TOTAL'!F44 -> 2.9072897e-05
A37: 2.2 | B37: Pek. pemipaan Oli ke Oli trap
B38: Type : Class AW
A39: a | B39: Lantai Basement
B40: Instalasi Pemipaan dari floor drain hingga ke saluran luar
A41: - | B41: Æ 100 | C41: ml | D41: =140 -> 140 | E41: 232012.21 | F41: =D41*E41 -> 32481710 | G41: =F41/'REKAP TOTAL'!F44 -> 0.0026713929
A42: - | B42: Æ 50 | C42: ml | D42: 15 | E42: 141794.15 | F42: =D42*E42 -> 2126912.3 | G42: =F42/'REKAP TOTAL'!F44 -> 0.00017492363
A44: 2.3 | B44: Pek. pemipaan Vent
B45: Type : Class D
A46: - | B46: Æ 50 | C46: ml | D46: 5 | E46: 71319.951 | F46: =D46*E46 -> 356599.75 | G46: =F46/'REKAP TOTAL'!F44 -> 2.932783e-05
A47: - | B47: Æ 32 | C47: ml | D47: 20 | E47: 46297.453 | F47: =D47*E47 -> 925949.06 | G47: =F47/'REKAP TOTAL'!F44 -> 7.615282e-05
A48: - | B48: Vent cup,50 | C48: bh | D48: 1 | E48: 250858.97 | F48: =D48*E48 -> 250858.97 | G48: =F48/'REKAP TOTAL'!F44 -> 2.0631392e-05
A49: - | B49: peralatan bantu, fitting & accesoris lainnya | C49: lot | D49: 1 | E49: 190890 | F49: =D49*E49 -> 190890 | G49: =F49/'REKAP TOTAL'!F44 -> 1.5699364e-05
A51: 3 | B51: Peralatan pipa lantai bawah & atas
B52: Lantai Basement
A53: a | B53: Floor drain
B54: Spesifikasi : TOTO
A55: - | B55: Æ 80 | C55: bh | D55: 1 | E55: 466872.5 | F55: =D55*E55 -> 466872.5 | G55: =F55/'REKAP TOTAL'!F44 -> 3.8396991e-05
B56: Æ 100 Oil trap | C56: bh | D56: 4 | E56: 504303.1 | F56: =D56*E56 -> 2017212.4 | G56: =F56/'REKAP TOTAL'!F44 -> 0.00016590158
A58: b | B58: Clean Out
B59: Spesifikasi : TOTO
A60: - | B60: Æ 80 | C60: bh | D60: 2 | E60: 364862.5 | F60: =D60*E60 -> 729725 | G60: =F60/'REKAP TOTAL'!F44 -> 6.0014766e-05
A62: 4 | B62: Pipa tegak air hujan , difinish cat minyak warna putih
B63: Type : Class AW
B64: Lantai Basement
A65: - | B65: Æ 125 | C65: ml | D65: =7*24 -> 168 | E65: 449398.81 | F65: =D65*E65 -> 75498999 | G65: =F65/'REKAP TOTAL'!F44 -> 0.0062092635
A67: 5 | B67: Pipa datar air hujan , difinish cat minyak warna putih
B68: Type : Class AW
B69: Spesifikasi : Wavin
B70: Lantai Basement
A71: - | B71: Æ 200 | C71: ml | D71: =45+15 -> 60 | E71: 603376.6 | F71: =D71*E71 -> 36202596 | G71: =F71/'REKAP TOTAL'!F44 -> 0.0029774098
A72: - | B72: Æ 150 | C72: ml | D72: 33 | E72: 373552.22 | F72: =D72*E72 -> 12327223 | G72: =F72/'REKAP TOTAL'!F44 -> 0.0010138277
A73: - | B73: Æ 125 | C73: ml | D73: 46 | E73: 449398.81 | F73: =D73*E73 -> 20672345 | G73: =F73/'REKAP TOTAL'!F44 -> 0.0017001555
B75: Lantai Atap
A76: - | B76: Æ 125 | C76: ml | D76: =2*24 -> 48 | E76: 449398.81 | F76: =D76*E76 -> 21571143 | G76: =F76/'REKAP TOTAL'!F44 -> 0.0017740753
A78: 6 | B78: Roof drain
B79: Type : Cash iron
B80: Spesifikasi : Lokal
A81: - | B81: Æ 125 | C81: bh | D81: 24 | E81: 637227.94 | F81: =D81*E81 -> 15293470 | G81: =F81/'REKAP TOTAL'!F44 -> 0.0012577807
A83: B | B83: PEKERJAAN KOMPRESOR
A85: a | B85: Pemipaan
B86: Type : Medium Class
B87: Spesifikasi : Bakrie
A88: - | B88: Connecting dengan Pipa Kompresor existing | C88: lot | D88: 1 | E88: 3484500 | F88: =D88*E88 -> 3484500 | G88: =F88/'REKAP TOTAL'!F44 -> 0.0002865757
A89: - | B89: Æ 32 mm | C89: ml | D89: 210 | E89: 151845.92 | F89: =D89*E89 -> 31887644 | G89: =F89/'REKAP TOTAL'!F44 -> 0.0026225352
A90: - | B90: Æ 20 mm | C90: ml | D90: =SUM((13*3)+8) -> 47 | E90: 94801.63 | F90: =D90*E90 -> 4455676.6 | G90: =F90/'REKAP TOTAL'!F44 -> 0.00036644817
A92: b | B92: Energy Box | C92: bh | D92: 11 | E92: By owner | F92: By owner
A93: - | B93: Pemasangan Energy Box ( Ditawarkan upah pasang saja ) | C93: bh | D93: =D92 -> 11 | E93: 524947.5 | F93: =D93*E93 -> 5774422.5 | G93: =F93/'REKAP TOTAL'!F44 -> 0.00047490577
A95: c | B95: Ball Valve
B96: Spesifikasi : Toyo
A97: - | B97: Æ 32 mm | C97: bh | D97: 1 | E97: 778088.85 | F97: =D97*E97 -> 778088.85 | G97: =F97/'REKAP TOTAL'!F44 -> 6.3992354e-05
A98: - | B98: Æ 20 mm | C98: bh | D98: 13 | E98: 634153.15 | F98: =D98*E98 -> 8243990.9 | G98: =F98/'REKAP TOTAL'!F44 -> 0.00067801046
A99: - | B99: Æ 20 mm auto drain | C99: bh | D99: 2 | E99: 634153.15 | F99: =D99*E99 -> 1268306.3 | G99: =F99/'REKAP TOTAL'!F44 -> 0.0001043093
A101: B | B101: PEKERJAAN TATA UDARA ( AC ) DAN VENTILATING FAN
A103: 1 | B103: Pengadaan Unit AC By Owner dan Kontraktor hanya upah pasang sampai berfungsi dengan baik
B104: Lantai Basement
A105: - | B105: IU-B.1/OU-B.1 | C105: unit | D105: 1 | E105: 734926.5 | F105: =D105*E105 -> 734926.5 | G105: =F105/'REKAP TOTAL'!F44 -> 6.0442553e-05
B106: Type : Split Wall Non Inverter
B107: Kapasitas : 7.000 BTU/H
B108: Model : STC20NV
A110: 2 | B110: Pemasangan intalasi pipa refrigerant, pipa drain, Pipa Exhaust & supportingnya
B111: Spesifikasi
B112: Pipa refrigerant : Cooper pipe Class-L Seamless
B113: Pipa drain : PVC pipe Class AW
A114: 2.1 | B114: Refrigerant
B115: Lantai Basement
A116: - | B116: Liguid
B117: 6,4 mm | C117: m | D117: 20 | E117: 75320.245 | F117: =D117*E117 -> 1506404.9 | G117: =F117/'REKAP TOTAL'!F44 -> 0.00012389124
A119: - | B119: Gas
B120: 9,5 mm | C120: m | D120: 20 | E120: 95773.755 | F120: =D120*E120 -> 1915475.1 | G120: =F120/'REKAP TOTAL'!F44 -> 0.0001575344
A122: 2.2 | B122: Drainase AC
...

Sheet III. Mek. General Repair
A1: ='I. PERSIAPAN'!B1 -> PROGRESS MINGGUAN
A2: ='I. PERSIAPAN'!B2 -> PROYEK SHOWROOM & WORKSHOP
A3: ='I. PERSIAPAN'!B3 -> DAIHATSU Cabang BATAM-KEPULAUAN RIAU
A4: ='I. PERSIAPAN'!B4 -> PT. ASTRA INTERNATIONAL Tbk
A5: ='I. PERSIAPAN'!B5 -> PERIODE : 6- 18 April2026
A6: ='I. PERSIAPAN'!B6 -> MINGGU KE 2 (Dua)
A8: NO | B8: URAIAN PEKERJAAN | C8: VOL | D8: SAT | E8: Harga | F8: Total | G8: Bobot | H8: Progres s/d Minggu Lalu | K8: Progres Minggu ini | N8: Progres s/d Minggu ini | Q8: Ket.
E9: Satuan | F9: Harga | H9: Volume | I9: Progres (%) | J9: Bobot | K9: Volume | L9: Progres (%) | M9: Bobot | N9: Volume | O9: Progres (%) | P9: Bobot
A10: A | B10: PEKERJAAN PLUMBING
B11: Pengadaan dan pemasangan Peralatan utama instalasi pekerjaan
B12: plumbing lengkap dgn material & peralatan bantu sesuai dengan
B13: gambar dan spesifikasi teknis
A15: 1 | B15: Pek. pemipaan air bersih
B16: Type : Class 10k
B17: Spesifikasi : Rucika
B18: Lantai Basement
A19: - | B19: Pemipaan area Toilet :
B20: dia.15 | C20: ml | D20: 4 | E20: 32928.79 | F20: =D20*E20 -> 131715.16 | G20: =F20/'REKAP TOTAL'!F44 -> 1.0832649e-05
B21: peralatan bantu, fitting & accesoris lainnya | C21: lot | D21: 1 | E21: 89890 | F21: =D21*E21 -> 89890 | G21: =F21/'REKAP TOTAL'!F44 -> 7.3928224e-06
A23: 2 | B23: Pek. pemipaan Air kotor, bekas, vent & pipa oli
B24: Type : Class AW
A25: 2.1 | B25: Pek. pemipaan Air kotor & bekas
B26: Lantai Basement
A27: - | B27: Pemipaan area Toilet :
B28: Æ 50 pipa di area toilet | C28: ml | D28: 3 | E28: 141794.15 | F28: =D28*E28 -> 425382.46 | G28: =F28/'REKAP TOTAL'!F44 -> 3.4984725e-05
B29: peralatan bantu, fitting & accesoris lainnya | C29: lot | D29: 1 | E29: 136350 | F29: =D29*E29 -> 136350 | G29: =F29/'REKAP TOTAL'!F44 -> 1.1213832e-05
A31: B | B31: PEKERJAAN KOMPRESOR
A33: a | B33: Pemipaan
B34: Type : Medium Class
B35: Spesifikasi : Bakrie
A36: - | B36: Connecting dengan Pipa Kompresor existing | C36: lot | D36: 1 | E36: 2373500 | F36: =D36*E36 -> 2373500 | G36: =F36/'REKAP TOTAL'!F44 -> 0.00019520374
A37: - | B37: Pipa Æ 20 mm | C37: ml | D37: 4 | E37: 94801.63 | F37: =D37*E37 -> 379206.52 | G37: =F37/'REKAP TOTAL'!F44 -> 3.1187078e-05
A39: b | B39: Ball Valve
B40: Spesifikasi : Toyo
A41: - | B41: Æ 20 mm | C41: bh | D41: 1 | E41: 634153.15 | F41: =D41*E41 -> 634153.15 | G41: =F41/'REKAP TOTAL'!F44 -> 5.2154651e-05
A43: C | B43: PEKERJAAN TATA UDARA ( AC ) DAN VENTILATING FAN
A45: 1 | B45: Pengadaan Unit AC By Owner dan Kontraktor hanya upah pasang sampai berfungsi dengan baik
B46: Lantai Basement
A47: - | B47: IU-B.2/OU-B.2 | C47: unit | D47: 1 | E47: 734926.5 | F47: =D47*E47 -> 734926.5 | G47: =F47/'REKAP TOTAL'!F44 -> 6.0442553e-05
B48: Type : Split Wall Non Inverter
B49: Kapasitas : 7.000 BTU/H
B50: Model : STC20NV
A52: - | B52: IU-B.3/OU-B.3 | C52: unit | D52: 1 | E52: 734926.5 | F52: =D52*E52 -> 734926.5 | G52: =F52/'REKAP TOTAL'!F44 -> 6.0442553e-05
B53: Type : Split Wall Non Inverter
B54: Kapasitas : 7.000 BTU/H
B55: Model : STC20NV
A57: 2 | B57: Pemasangan intalasi pipa refrigerant, pipa drain, Pipa Exhaust & supportingnya
B58: Spesifikasi
B59: Pipa refrigerant : Cooper pipe Class-L Seamless
B60: Pipa drain : PVC pipe Class AW
A61: 2.1 | B61: Refrigerant
B62: Lantai Basement
A63: - | B63: Liguid
B64: 6,4 mm | C64: m | D64: 24 | E64: 75320.245 | F64: =D64*E64 -> 1807685.9 | G64: =F64/'REKAP TOTAL'!F44 -> 0.00014866949
A66: - | B66: Gas
B67: 9,5 mm | C67: m | D67: 24 | E67: 95773.755 | F67: =D67*E67 -> 2298570.1 | G67: =F67/'REKAP TOTAL'!F44 -> 0.00018904128
A69: 2.2 | B69: Drainase AC
B70: Lantai Basement
A71: - | B71: Æ 25 | C71: m | D71: 8 | E71: 53019.698 | F71: =D71*E71 -> 424157.58 | G71: =F71/'REKAP TOTAL'!F44 -> 3.4883988e-05
A72: - | B72: Æ 20 | C72: m | D72: =30-17 -> 13 | E72: 38846.115 | F72: =D72*E72 -> 504999.49 | G72: =F72/'REKAP TOTAL'!F44 -> 4.1532669e-05
A74: 3 | B74: Pekerjaan Exhaust Fan lantai bawah & atas
B75: Lantai Basement
A76: - | B76: CME-B.2 | C76: unit | D76: 1 | E76: 873650 | F76: =D76*E76 -> 873650 | G76: =F76/'REKAP TOTAL'!F44 -> 7.1851589e-05
B77: Kapasitas : 200 CMH
B78: Type : Ceilling Mounted Exhaust
A80: D | B80: PEKERJAAN PEMADAM KEBAKARAN
A81: 1 | B81: Instalasi Pemadam Kebakaran
B82: Pemipaan BSP Sch.40 (Incl. Fitting & All Accessories)
B83: Lantai Basement
A84: - | B84: Pemindahan Pompa Hydrant Existing dan Reinstalasi di lokasi baru | C84: lot | D84: 1 | E84: 3787500 | F84: =D84*E84 -> 3787500 | G84: =F84/'REKAP TOTAL'!F44 -> 0.00031149533
A85: - | B85: Pipa dia. 80 mm disambung dengan pipa utama existing | C85: m' | D85: 30 | E85: 412530.97 | F85: =D85*E85 -> 12375929 | G85: =F85/'REKAP TOTAL'!F44 -> 0.0010178334
B87: Total Pekerjaan Mekanikal | F87: =SUM(F15:F86) -> 27712542 | G87: =F87/'REKAP TOTAL'!F44 -> 0.0022791624

Sheet I. Elektrikal Infrastruktur
A1: ='I. PERSIAPAN'!B1 -> PROGRESS MINGGUAN
A2: ='I. PERSIAPAN'!B2 -> PROYEK SHOWROOM & WORKSHOP
A3: ='I. PERSIAPAN'!B3 -> DAIHATSU Cabang BATAM-KEPULAUAN RIAU
A4: ='I. PERSIAPAN'!B4 -> PT. ASTRA INTERNATIONAL Tbk
A5: ='I. PERSIAPAN'!B5 -> PERIODE : 6- 18 April2026
A6: ='I. PERSIAPAN'!B6 -> MINGGU KE 2 (Dua)
A8: No | B8: URAIAN | D8: sat | E8: Vol. | F8: Harga | G8: Total | H8: Bobot | I8: Progres s/d Minggu Lalu | L8: Progres Minggu ini | O8: Progres s/d Minggu ini | R8: Ket.
F9: Satuan | G9: Harga | I9: Volume | J9: Progres (%) | K9: Bobot | L9: Volume | M9: Progres (%) | N9: Bobot | O9: Volume | P9: Progres (%) | Q9: Bobot
A11: I | B11: PEKERJAAN ELEKTRIKAL
A13: A | B13: PEKERJAAN KABEL TEGANGAN MENENGAH
B14: Penggantian Kabel Existing dengan yang baru menyesuaikan penambahan daya yang baru
B15: 1 | C15: Dari KWH PLN ke P-PLN | D15: m | E15: 87 | F15: 1726866.4 | G15: =E15*F15 -> 1.5023738e+08 | H15: =G15/'REKAP TOTAL'!F44 -> 0.012355971
C16: Type kabel : NYY 4 x 150 mm² + NYA 70 mm²
C17: Spesifikasi : Kabelindo, Kabel metal, Supreme & Tranka
B19: 2 | C19: Dari P-PLN ke MDB | D19: m | E19: 10 | F19: 1726866.4 | G19: =E19*F19 -> 17268664 | H19: =G19/'REKAP TOTAL'!F44 -> 0.0014202266
C20: Type kabel : NYY 4 x 150 mm² + NYA 70 mm²
C21: Spesifikasi : Kabelindo, Kabel metal, Supreme & Tranka
B23: 3 | C23: Penggantian Kabel Existing dari GENSET ke PUTR menjadi | D23: m | E23: 12 | F23: 1726866.4 | G23: =E23*F23 -> 20722397 | H23: =G23/'REKAP TOTAL'!F44 -> 0.0017042719
C24: Type kabel : NYY 4 x 150 mm² + NYA 70 mm²
B26: 4 | C26: Pekerjaan pembongkaran kabel existing | D26: lot | E26: 1 | F26: 13180500 | G26: =E26*F26 -> 13180500 | H26: =G26/'REKAP TOTAL'!F44 -> 0.0010840037
A28: B | B28: PEKERJAAN PANEL TEGANGAN RENDAH
B29: Pengadaan dan pemasangan panel-panel
B30: tegangan rendah lengkap dengan sistem pentanahan,
B31: pondasi panel, dudukan panel, penutup kabel trench dan
B32: accessories atau perlengkapan lainnya sesuai dengan
B33: spesifikasi teknis dan gambar rencana
B35: Panel Maker :
B36: Sesuai spek material
B38: - P.PLN | D38: unit | E38: 1 | F38: 28280000 | G38: =E38*F38 -> 28280000 | H38: =G38/'REKAP TOTAL'!F44 -> 0.0023258318
A40: B | B40: PEKERJAAN PENYAMBUNGAN PLN (131 KVA) | D40: lot | E40: 1 | F40: By Owner | G40: By Owner
C41: Upgrade dari 105 KVA ke 131 KVA
C43: Total Pekejaan Elektrikal | G43: =SUM(G11:G42) -> 2.2968894e+08 | H43: =G43/'REKAP TOTAL'!F44 -> 0.018890305

Sheet II. Elektrikal Body Repair
A1: ='I. PERSIAPAN'!B1 -> PROGRESS MINGGUAN
A2: ='I. PERSIAPAN'!B2 -> PROYEK SHOWROOM & WORKSHOP
A3: ='I. PERSIAPAN'!B3 -> DAIHATSU Cabang BATAM-KEPULAUAN RIAU
A4: ='I. PERSIAPAN'!B4 -> PT. ASTRA INTERNATIONAL Tbk
A5: ='I. PERSIAPAN'!B5 -> PERIODE : 6- 18 April2026
A6: ='I. PERSIAPAN'!B6 -> MINGGU KE 2 (Dua)
A8: No | B8: URAIAN | D8: Sat | E8: Vol. | F8: Harga | G8: Total | H8: Bobot | I8: Progres s/d Minggu Lalu | L8: Progres Minggu ini | O8: Progres s/d Minggu ini | R8: Ket.
F9: Satuan | G9: Harga | I9: Volume | J9: Progres (%) | K9: Bobot | L9: Volume | M9: Progres (%) | N9: Bobot | O9: Volume | P9: Progres (%) | Q9: Bobot
A11: I | B11: PEKERJAAN ELEKTRIKAL
A13: A | B13: PEKERJAAN PANEL TEGANGAN RENDAH
B14: Pengadaan dan pemasangan panel-panel
B15: tegangan rendah lengkap dengan sistem pentanahan,
B16: pondasi panel, dudukan panel, penutup kabel trench dan
B17: accessories atau perlengkapan lainnya sesuai dengan
B18: spesifikasi teknis dan gambar rencana
B20: Panel Maker :
B21: Sesuai spek material
B23: - Penggantian Breaker MCCB 3P 160-200A dengan MCCB 250 A di PUTR Existing | D23: unit | E23: 1 | F23: 12120000 | G23: =E23*F23 -> 12120000 | H23: =G23/'REKAP TOTAL'!F44 -> 0.00099678504
B25: - Penggantian COS MCCB 250 A | D25: unit | E25: 1 | F25: 28785000 | G25: =E25*F25 -> 28785000 | H25: =G25/'REKAP TOTAL'!F44 -> 0.0023673645
B27: - Penambahan MCCB 3P 100A di PUTR Existing | D27: unit | E27: 1 | F27: 3535000 | G27: =E27*F27 -> 3535000 | H27: =G27/'REKAP TOTAL'!F44 -> 0.00029072897
B29: - DB-BODY REPAIR c/w (Digital Meter) | D29: unit | E29: 1 | F29: 43430000 | G29: =E29*F29 -> 43430000 | H29: =G29/'REKAP TOTAL'!F44 -> 0.0035718131
B31: - P-CONTROL COMBI BOTH.1 | D31: unit | E31: 1 | F31: 15150000 | G31: =E31*F31 -> 15150000 | H31: =G31/'REKAP TOTAL'!F44 -> 0.0012459813
B33: - P-CONTROL COMBI BOTH.2 | D33: unit | E33: 1 | F33: 15150000 | G33: =E33*F33 -> 15150000 | H33: =G33/'REKAP TOTAL'!F44 -> 0.0012459813
A35: B | B35: PEKERJAAN KABEL TEGANGAN RENDAH
B37: Pengadaan dan pemasangan kabel tegangan rendah
B38: berbagai ukuran lengkap dengan conduit, clemps, braket,
B39: cable schoen dan perlengkapan lainnya sesuai dengan
B40: spesifikasi teknis dan gambar rencana.
B42: 1 | C42: Dari PUTR ke :
B44: a | C44: DB-BODY REPAIR | D44: m | E44: 98 | F44: 619660.25 | G44: =E44*F44 -> 60726704 | H44: =G44/'REKAP TOTAL'!F44 -> 0.0049943458
C45: Type kabel : NYY 4 x 50 mm² + NYA 25 mm²
B47: 2 | C47: Dari DB-BODY REPAIR ke :
B49: a | C49: P. CONTROL. COMBI BOTH 1 (13 Kw) | D49: m | E49: =(13+4+4)*1.1 -> 23.1 | F49: 108660.87 | G49: =E49*F49 -> 2510066 | H49: =G49/'REKAP TOTAL'!F44 -> 0.00020643533
C50: Type kabel : NYY 4 x 6 mm² + NYA 6 mm²
B52: b | C52: P. CONTROL. COMBI BOTH 2 (13 Kw) | D52: m | E52: =(18+4+4)*1.1 -> 28.6 | F52: 108660.87 | G52: =E52*F52 -> 3107700.8 | H52: =G52/'REKAP TOTAL'!F44 -> 0.0002555866
C53: Type kabel : NYY 4 x 6 mm² + NYA 6 mm²
B55: c | C55: IU / OU -B.1 (0,59 kW) | D55: m | E55: =(8+4+1+12+4+1)*1.1 -> 33 | F55: 49342.265 | G55: =E55*F55 -> 1628294.8 | H55: =G55/'REKAP TOTAL'!F44 -> 0.00013391583
C56: Type kabel : NYY 3 x 2,5 mm²
B58: d | C58: EF-B.3 | D58: m | E58: 37 | F58: 49342.265 | G58: =E58*F58 -> 1825663.8 | H58: =G58/'REKAP TOTAL'!F44 -> 0.00015014805
C59: Type kabel : NYY 3 x 2,5 mm²
A61: C | B61: PEKERJAAN RAK KABEL
B62: Pengadaan dan pemasangan pekerjaan rak kabel
B63: dan perlengkapan lainnya sesuai dengan spesifikasi
B64: teknis dan gambar rencana.
B66: Type : Hot Dip Galvanis
B68: 1 | C68: KABEL RAK ELEKTRIKAL ( LADDER )
B70: a. Lantai.1
B72: - Rak kabel 200 mm H=100 mm | D72: m | E72: =56+18+2 -> 76 | F72: 384940.77 | G72: =E72*F72 -> 29255499 | H72: =G72/'REKAP TOTAL'!F44 -> 0.0024060597
B74: - Rak kabel 100 mm H=100 mm | D74: m | E74: =17+2 -> 19 | F74: 230964.46 | G74: =E74*F74 -> 4388324.8 | H74: =G74/'REKAP TOTAL'!F44 -> 0.00036090895
B76: - Reducer 200 x 100 mm H=100 mm | D76: bh | E76: 1 | F76: 348450 | G76: =E76*F76 -> 348450 | H76: =G76/'REKAP TOTAL'!F44 -> 2.865757e-05
B78: - Tee 200 x 200 x 200 mm H=100 mm | D78: bh | E78: 1 | F78: 399776.68 | G78: =E78*F78 -> 399776.68 | H78: =G78/'REKAP TOTAL'!F44 -> 3.287883e-05
B80: - Elbow 200 x 200 mm H=100 mm | D80: bh | E80: 1 | F80: 399776.68 | G80: =E80*F80 -> 399776.68 | H80: =G80/'REKAP TOTAL'!F44 -> 3.287883e-05
B82: - In/Out Riser 200 x 200 mm H=100 mm | D82: bh | E82: 1 | F82: 382336.76 | G82: =E82*F82 -> 382336.76 | H82: =G82/'REKAP TOTAL'!F44 -> 3.1444519e-05
B84: - Tee 100 x 100 x 100 mm H=100 mm | D84: bh | E84: 1 | F84: 239866.01 | G84: =E84*F84 -> 239866.01 | H84: =G84/'REKAP TOTAL'!F44 -> 1.9727298e-05
B86: - Elbow 100 x 100 mm H=100 mm | D86: bh | E86: 1 | F86: 239866.01 | G86: =E86*F86 -> 239866.01 | H86: =G86/'REKAP TOTAL'!F44 -> 1.9727298e-05
B88: - In/Out Riser 100 x 100 mm H=100 mm | D88: bh | E88: 2 | F88: 229402.06 | G88: =E88*F88 -> 458804.11 | H88: =G88/'REKAP TOTAL'!F44 -> 3.7733422e-05
B90: - Canal C , W = 100 | D90: m | E90: =(44*2)+(28*2)+(6*24)+(22*2)+18+12 -> 362 | F90: 159865.96 | G90: =E90*F90 -> 57871476 | H90: =G90/'REKAP TOTAL'!F44 -> 0.0047595233
A92: D | B92: PEKERJAAN PENERANGAN & STOP KONTAK
B93: Pengadaan dan pemasangan penerangan dan stop kontak
B94: lengkap dengan fixtures, lampu dan accessoriesnya, stop
B95: kontak dan accessoriesnya, pentanahan dan accessoriesnya,
B96: switch dan accessoriesnya sesuai dengan spesifikasi teknis
B97: dan gambar rencana.
B99: a.Lantai BODY REPAIR
C101: TL LED 2 x 18 W TKO | D101: bh | E101: 58 | F101: 533929.94 | G101: =E101*F101 -> 30967936 | H101: =G101/'REKAP TOTAL'!F44 -> 0.0025468957
C102: Komponen : Phillips
C104: Highbay LED 80 W | D104: bh | E104: 15 | F104: 4471775 | G104: =E104*F104 -> 67076625 | H104: =G104/'REKAP TOTAL'!F44 -> 0.0055165822
C105: Komponen : Phillips
C107: Down Light LED 12 W | D107: bh | E107: 2 | F107: 338389.99 | G107: =E107*F107 -> 676779.97 | H107: =G107/'REKAP TOTAL'!F44 -> 5.5660409e-05
C108: Komponen : Phillips
C110: Down Light LED 19 W | D110: bh | E110: 2 | F110: 399543.38 | G110: =E110*F110 -> 799086.75 | H110: =G110/'REKAP TOTAL'!F44 -> 6.5719284e-05
C111: Komponen : Phillips
C113: Lampu TL LED 2 x 18 Watt, TKI | D113: bh | E113: 6 | F113: 416108.39 | G113: =E113*F113 -> 2496650.3 | H113: =G113/'REKAP TOTAL'!F44 -> 0.00020533199
C114: Komponen : Phillips
C116: TL LED 2 x 18 W, Dust Proof | D116: bh | E116: 3 | F116: 1180840.2 | G116: =E116*F116 -> 3542520.7 | H116: =G116/'REKAP TOTAL'!F44 -> 0.0002913475
C117: Komponen : Phillips
C119: TL LED 2 x 16 W, Water Proof | D119: bh | E119: 4 | F119: 1180840.2 | G119: =E119*F119 -> 4723361 | H119: =G119/'REKAP TOTAL'!F44 -> 0.00038846333
C120: Komponen : Phillips
C122: Saklar Tunggal 10A | D122: bh | E122: 2 | F122: 65326.8 | G122: =E122*F122 -> 130653.6 | H122: =G122/'REKAP TOTAL'!F44 -> 1.0745343e-05
C124: Saklar Seri 10A 2 gang | D124: bh | E124: 11 | F124: 71159.55 | G124: =E124*F124 -> 782755.05 | H124: =G124/'REKAP TOTAL'!F44 -> 6.4376116e-05
C126: Saklar Gridswitch 8 gang | D126: bh | E126: 1 | F126: 767600 | G126: =E126*F126 -> 767600 | H126: =G126/'REKAP TOTAL'!F44 -> 6.3129719e-05
C128: Instalasi Penerangan | D128: ttk | E128: =SUM(E101:E120) -> 90 | F128: 334799.85 | G128: =E128*F128 -> 30131986 | H128: =G128/'REKAP TOTAL'!F44 -> 0.0024781447
C129: Type kabel : NYM 3 x 2,5mm²
C131: Instalasi Exhaust Fan (EF B.1, EF B.2 dan CME B.1) | D131: ttk | E131: 3 | F131: 128320.5 | G131: =E131*F131 -> 384961.5 | H131: =G131/'REKAP TOTAL'!F44 -> 3.1660385e-05
C132: Type kabel : NYM 3 x 2,5mm²
C134: Stop Kontak Tunggal 1ph, 13A, 200W | D134: bh | E134: 4 | F134: 87491.25 | G134: =E134*F134 -> 349965 | H134: =G134/'REKAP TOTAL'!F44 -> 2.8782168e-05
C136: Stop Kontak Tunggal 1ph, 13A, 200W Wall Type For Fan | D136: bh | E136: 2 | F136: 87491.25 | G136: =E136*F136 -> 174982.5 | H136: =G136/'REKAP TOTAL'!F44 -> 1.4391084e-05
C138: Stop Kontak Tunggal 1ph, 13A, 200W Water Proff | D138: bh | E138: 2 | F138: 295137.15 | G138: =E138*F138 -> 590274.3 | H138: =G138/'REKAP TOTAL'!F44 -> 4.8545924e-05
C140: Stop Kontak For Energy Box 1ph, 16A, 200W | D140: bh | E140: 14 | F140: 87491.25 | G140: =E140*F140 -> 1224877.5 | H140: =G140/'REKAP TOTAL'!F44 -> 0.00010073759
C142: Instalasi Stop Kontak | D142: ttk | E142: =SUM(E134:E141) -> 22 | F142: 381461.85 | G142: =E142*F142 -> 8392160.7 | H142: =G142/'REKAP TOTAL'!F44 -> 0.00069019639
C143: Type kabel : NYM 3 x 2,5mm²
A146: E | B146: PEKERJAAN PENANGKAL PETIR
B147: Pengadaan, pemasangan dan pengujian pekerjaan
B148: penangkal petir lengkap dengan accessoriesnya, sesuai
B149: dengan spesifikasi teknis dan gambar rencana.
C151: Air Terminal electrostatis H=5 Meter dengan Radius 80 Meter | D151: bh | E151: 1 | F151: 12325330 | G151: =E151*F151 -> 12325330 | H151: =G151/'REKAP TOTAL'!F44 -> 0.001013672
C152: sesuai gambar rencana
C154: NYY 1X 70 mm2 menuju ke Bak Kontrol dalam Pipa PVC dia 32 | D154: m | E154: 35 | F154: 220326.19 | G154: =E154*F154 -> 7711416.6 | H154: =G154/'REKAP TOTAL'!F44 -> 0.00063420996
C156: Peralatan penunjang pendukung Air terminal | D156: unit | E156: 1 | F156: 2112913.7 | G156: =E156*F156 -> 2112913.7 | H156: =G156/'REKAP TOTAL'!F44 -> 0.00017377234
C157: Klem-klem , Trekskur, Isolator Telor, Bracket, Seal , Test Box , dll
...

Sheet III. Elektrikal General Repair
A1: ='I. PERSIAPAN'!B1 -> PROGRESS MINGGUAN
A2: ='I. PERSIAPAN'!B2 -> PROYEK SHOWROOM & WORKSHOP
A3: ='I. PERSIAPAN'!B3 -> DAIHATSU Cabang BATAM-KEPULAUAN RIAU
A4: ='I. PERSIAPAN'!B4 -> PT. ASTRA INTERNATIONAL Tbk
A5: ='I. PERSIAPAN'!B5 -> PERIODE : 6- 18 April2026
A6: ='I. PERSIAPAN'!B6 -> MINGGU KE 2 (Dua)
A8: No | B8: URAIAN | D8: Sat | E8: Vol. | F8: Harga | G8: Total | H8: Bobot | I8: Progres s/d Minggu Lalu | L8: Progres Minggu ini | O8: Progres s/d Minggu ini | R8: Ket.
F9: Satuan | G9: Harga | I9: Volume | J9: Progres (%) | K9: Bobot | L9: Volume | M9: Progres (%) | N9: Bobot | O9: Volume | P9: Progres (%) | Q9: Bobot
A10: I | B10: PEKERJAAN ELEKTRIKAL
A12: A | B12: PEKERJAAN PANEL TEGANGAN RENDAH
B13: Pengadaan dan pemasangan panel-panel
B14: tegangan rendah lengkap dengan sistem pentanahan,
B15: pondasi panel, dudukan panel, penutup kabel trench dan
B16: accessories atau perlengkapan lainnya sesuai dengan
B17: spesifikasi teknis dan gambar rencana
B19: Panel Maker :
B20: Sesuai spek material
B22: - Penambahan MCCB 3P 16A di PP-Bengkel Existing | D22: unit | E22: 2 | F22: 424200 | G22: =E22*F22 -> 848400 | H22: =G22/'REKAP TOTAL'!F44 -> 6.9774953e-05
B23: - Penggantian MCCB 3P 63A menjadi MCCB 3P 80A di PP-Bengkel Existing | D23: unit | E23: 1 | F23: 1333200 | G23: =E23*F23 -> 1333200 | H23: =G23/'REKAP TOTAL'!F44 -> 0.00010964635
A26: B | B26: PEKERJAAN KABEL TEGANGAN RENDAH
B28: Pengadaan dan pemasangan kabel tegangan rendah
B29: berbagai ukuran lengkap dengan conduit, clemps, braket,
B30: cable schoen dan perlengkapan lainnya sesuai dengan
B31: spesifikasi teknis dan gambar rencana.
B33: 1 | C33: Dari LP-BENGKEL (Existing) ke :
B35: a | C35: IU / OU -B.2 (0,59 kW) | D35: m | E35: =(4+4+1+4+4+1)*1.1 -> 19.8 | F35: 49342.265 | G35: =E35*F35 -> 976976.85 | H35: =G35/'REKAP TOTAL'!F44 -> 8.0349498e-05
C36: Type kabel : NYY 3 x 2,5 mm²
B38: b | C38: IU / OU -B.3 (0,59 kW) | D38: m | E38: =(9+4+1+11+4+1)*1.1 -> 33 | F38: 49342.265 | G38: =E38*F38 -> 1628294.8 | H38: =G38/'REKAP TOTAL'!F44 -> 0.00013391583
C39: Type kabel : NYY 3 x 2,5 mm²
B41: 2 | C41: Dari PP-BENGKEL (Existing) ke :
B43: a | C43: PUSH LIFT 7 | D43: m | E43: =(50+4+4)*1.1 -> 63.8 | F43: 74356.672 | G43: =E43*F43 -> 4743955.6 | H43: =G43/'REKAP TOTAL'!F44 -> 0.0003901571
C44: Type kabel : NYY 4 x 2,5 mm² + Counduit PVC ∅ 20 mm
B46: b | C46: PUSH LIFT 8 | D46: m | E46: =(46+4+4)*1.1 -> 59.4 | F46: 74356.672 | G46: =E46*F46 -> 4416786.3 | H46: =G46/'REKAP TOTAL'!F44 -> 0.00036324971
C47: Type kabel : NYY 4 x 2,5 mm² + Counduit PVC ∅ 20 mm
A50: C | B50: PEKERJAAN PENERANGAN & STOP KONTAK
B51: Pengadaan dan pemasangan penerangan dan stop kontak
B52: lengkap dengan fixtures, lampu dan accessoriesnya, stop
B53: kontak dan accessoriesnya, pentanahan dan accessoriesnya,
B54: switch dan accessoriesnya sesuai dengan spesifikasi teknis
B55: dan gambar rencana.
B57: a.Lantai 1 General Repair
C59: TL LED 2 x 18 W TKO | D59: bh | E59: 16 | F59: 533929.94 | G59: =E59*F59 -> 8542879 | H59: =G59/'REKAP TOTAL'!F44 -> 0.00070259191
C60: Komponen : Phillips
C62: Down Light LED 12 W | D62: bh | E62: 3 | F62: 338389.99 | G62: =E62*F62 -> 1015170 | H62: =G62/'REKAP TOTAL'!F44 -> 8.3490613e-05
C63: Komponen : Phillips
C65: Down Light LED 19 W | D65: bh | E65: 2 | F65: 399543.38 | G65: =E65*F65 -> 799086.75 | H65: =G65/'REKAP TOTAL'!F44 -> 6.5719284e-05
C66: Komponen : Phillips
C68: Saklar Tunggal 10A | D68: bh | E68: 4 | F68: 65326.8 | G68: =E68*F68 -> 261307.2 | H68: =G68/'REKAP TOTAL'!F44 -> 2.1490686e-05
C70: Saklar Seri 10A 2 gang | D70: bh | E70: 3 | F70: 71159.55 | G70: =E70*F70 -> 213478.65 | H70: =G70/'REKAP TOTAL'!F44 -> 1.7557123e-05
C72: Instalasi Penerangan | D72: ttk | E72: =SUM(E59:E66) -> 21 | F72: 334799.85 | G72: =E72*F72 -> 7030796.8 | H72: =G72/'REKAP TOTAL'!F44 -> 0.00057823376
C73: Type kabel : NYM 3 x 2,5mm²
C75: Stop Kontak Tunggal 1ph, 13A, 200W | D75: bh | E75: 5 | F75: 87491.25 | G75: =E75*F75 -> 437456.25 | H75: =G75/'REKAP TOTAL'!F44 -> 3.597771e-05
C77: Stop Kontak Tunggal 3ph, 16A, 1500W | D77: bh | E77: 2 | F77: 524947.5 | G77: =E77*F77 -> 1049895 | H77: =G77/'REKAP TOTAL'!F44 -> 8.6346504e-05
C79: Instalasi Stop Kontak | D79: ttk | E79: =SUM(E75:E76) -> 5 | F79: 381461.85 | G79: =E79*F79 -> 1907309.2 | H79: =G79/'REKAP TOTAL'!F44 -> 0.00015686282
C80: Type kabel : NYM 3 x 2,5mm²
C82: Instalasi Stop Kontak | D82: ttk | E82: =SUM(E77:E78) -> 2 | F82: 614771.85 | G82: =E82*F82 -> 1229543.7 | H82: =G82/'REKAP TOTAL'!F44 -> 0.00010112135
C83: Type kabel : NYY 4 x 2,5 mm² + Counduit PVC ∅ 20 mm
C85: Instalasi Exhaust Fan (CME B.2) | D85: ttk | E85: 1 | F85: 334799.85 | G85: =E85*F85 -> 334799.85 | H85: =G85/'REKAP TOTAL'!F44 -> 2.7534941e-05
C86: Type kabel : NYM 3 x 2,5mm²
C89: Total Pekejaan Elektrikal | G89: =SUM(G10:G88) -> 36769336 | H89: =G89/'REKAP TOTAL'!F44 -> 0.0030240201

Sheet IV. Elekt Office & Showroom
A1: ='I. PERSIAPAN'!B1 -> PROGRESS MINGGUAN
A2: ='I. PERSIAPAN'!B2 -> PROYEK SHOWROOM & WORKSHOP
A3: ='I. PERSIAPAN'!B3 -> DAIHATSU Cabang BATAM-KEPULAUAN RIAU
A4: ='I. PERSIAPAN'!B4 -> PT. ASTRA INTERNATIONAL Tbk
A5: ='I. PERSIAPAN'!B5 -> PERIODE : 6- 18 April2026
A6: ='I. PERSIAPAN'!B6 -> MINGGU KE 2 (Dua)
A8: No | B8: URAIAN | D8: Sat | E8: Vol. | F8: Harga | G8: Total | H8: Bobot | I8: Progres s/d Minggu Lalu | L8: Progres Minggu ini | O8: Progres s/d Minggu ini | R8: Ket.
F9: Satuan | G9: Harga | I9: Volume | J9: Progres (%) | K9: Bobot | L9: Volume | M9: Progres (%) | N9: Bobot | O9: Volume | P9: Progres (%) | Q9: Bobot
A11: I | B11: PEKERJAAN ELEKTRIKAL
A13: D | B13: PEKERJAAN PENERANGAN & STOP KONTAK
B14: Pengadaan dan pemasangan penerangan dan stop kontak
B15: lengkap dengan fixtures, lampu dan accessoriesnya, stop
B16: kontak dan accessoriesnya, pentanahan dan accessoriesnya,
B17: switch dan accessoriesnya sesuai dengan spesifikasi teknis
B18: dan gambar rencana.
B20: a.Lantai 1 Office
C22: Stop Kontak Tunggal 1ph, 13A, 200W | D22: bh | E22: 5 | F22: 87491.25 | G22: =E22*F22 -> 437456.25 | H22: =G22/'REKAP TOTAL'!F44 -> 3.597771e-05
C24: Instalasi Stop Kontak | D24: ttk | E24: =SUM(E22:E23) -> 5 | F24: 381461.85 | G24: =E24*F24 -> 1907309.2 | H24: =G24/'REKAP TOTAL'!F44 -> 0.00015686282
C25: Type kabel : NYM 3 x 2,5mm²
B27: b.Lantai 2 Office
C29: Down Light LED 12 W | D29: bh | E29: 12 | F29: 338389.99 | G29: =E29*F29 -> 4060679.8 | H29: =G29/'REKAP TOTAL'!F44 -> 0.00033396245
C30: Komponen : Phillips
C32: Saklar Tunggal 10A | D32: bh | E32: 1 | F32: 65326.8 | G32: =E32*F32 -> 65326.8 | H32: =G32/'REKAP TOTAL'!F44 -> 5.3726714e-06
C34: Saklar Seri 10A 2 gang | D34: bh | E34: 2 | F34: 71159.55 | G34: =E34*F34 -> 142319.1 | H34: =G34/'REKAP TOTAL'!F44 -> 1.1704748e-05
C36: Instalasi Penerangan | D36: ttk | E36: =SUM(E29) -> 12 | F36: 334799.85 | G36: =E36*F36 -> 4017598.2 | H36: =G36/'REKAP TOTAL'!F44 -> 0.00033041929
C37: Type kabel : NYM 3 x 2,5mm²
C39: Stop Kontak Tunggal 1ph, 13A, 200W | D39: bh | E39: 6 | F39: 87491.25 | G39: =E39*F39 -> 524947.5 | H39: =G39/'REKAP TOTAL'!F44 -> 4.3173252e-05
C41: Instalasi Stop Kontak | D41: ttk | E41: =SUM(E39:E40) -> 6 | F41: 381461.85 | G41: =E41*F41 -> 2288771.1 | H41: =G41/'REKAP TOTAL'!F44 -> 0.00018823538
C42: Type kabel : NYM 3 x 2,5mm²
C45: Total Pekejaan Elektrikal | G45: =SUM(G11:G44) -> 13444408 | H45: =G45/'REKAP TOTAL'!F44 -> 0.0011057083

Sheet I. Elektronik Body Repair
A1: ='I. PERSIAPAN'!B1 -> PROGRESS MINGGUAN
A2: ='I. PERSIAPAN'!B2 -> PROYEK SHOWROOM & WORKSHOP
A3: ='I. PERSIAPAN'!B3 -> DAIHATSU Cabang BATAM-KEPULAUAN RIAU
A4: ='I. PERSIAPAN'!B4 -> PT. ASTRA INTERNATIONAL Tbk
A5: ='I. PERSIAPAN'!B5 -> PERIODE : 6- 18 April2026
A8: No | B8: URAIAN | D8: Sat | E8: Vol. | F8: Harga | G8: Total | H8: Bobot | I8: Progres s/d Minggu Lalu | L8: Progres Minggu ini | O8: Progres s/d Minggu ini | R8: Ket.
F9: Satuan | G9: Harga | I9: Volume | J9: Progres (%) | K9: Bobot | L9: Volume | M9: Progres (%) | N9: Bobot | O9: Volume | P9: Progres (%) | Q9: Bobot
A11: II | B11: PEKERJAAN ELEKTRONIK
A13: A | B13: PEKERJAAN FIRE ALARM
B14: Pengadaan dan pemasangan instalasi fire alarm lengkap
B15: dengan accessories dan peralatan bantu lainnya sesuai
B16: dengan spesifikasi teknis dan gambar rencana
B18: 1.Instalasi Fire Alarm
B19: b.Lantai 1
B21: 1 | C21: Heat detektor (ROR) | D21: bh | E21: 17 | F21: 198546.81 | G21: =E21*F21 -> 3375295.8 | H21: =G21/'REKAP TOTAL'!F44 -> 0.00027759442
C22: Type : HC-306A
B24: 2 | C24: Instalasi fire alarm dalam PVC counduit high impact | D24: titik | E24: =SUM(E21:E23) -> 17 | F24: 221352.86 | G24: =E24*F24 -> 3762998.7 | H24: =G24/'REKAP TOTAL'!F44 -> 0.00030948026
C25: Type kabel :NYA 2 X 1,5mm²
A27: B | B27: PEKERJAAN SOUND SYSTEM
B28: Pengadaan dan pemasangan instalasi sound system
B29: lengkap dengan accessories dan peralatan bantu lainnya
B30: sesuai dengan spesifikasi teknis dan gambar rencana
B32: 1.Instalasi Sound System
B34: a.Lantai -1
B35: 1 | C35: Horn Speaker 10 W | D35: bh | E35: 3 | F35: 686193.87 | G35: =E35*F35 -> 2058581.6 | H35: =G35/'REKAP TOTAL'!F44 -> 0.00016930391
B37: 2 | C37: Instalasi Horn speaker dalam PVC counduit high impact | D37: titik | E37: =SUM(E35:E36) -> 3 | F37: 486976.3 | G37: =E37*F37 -> 1460928.9 | H37: =G37/'REKAP TOTAL'!F44 -> 0.00012015116
C38: Type kabel : NYMHY 3 x 1,5mm²
A40: C | B40: PEKERJAAN CCTV
B41: Pengadaan dan pemasangan pekerjaan CCTV lengkap
B42: dengan peralatan bantu dan accessories lainnya sesuai
B43: dengan Spesifikasi teknis & gambar rencana.
B45: 1.Peralatan Utama
C46: DVR , 8 Channel (Kap. Hardisk 1 TERA) | D46: unit | E46: 1 | F46: 3888500 | G46: =E46*F46 -> 3888500 | H46: =G46/'REKAP TOTAL'!F44 -> 0.00031980187
C47: Pengadaan dan pemasangan included dudukan, hanger dan perlengkapan
C48: penunjang lainnya.
C49: c/w Arrester berikut instalasi ke Monitor
C51: ( Monitor 32" LG) (R.Server) | D51: unit | E51: 1 | F51: 3208012.5 | G51: =E51*F51 -> 3208012.5 | H51: =G51/'REKAP TOTAL'!F44 -> 0.00026383654
B53: 1.Instalasi CCTV
C54: Pengadaan Colour Camera Type Day Night (Outdoor Type) | D54: unit | E54: 2 | F54: 868600 | G54: =E54*F54 -> 1737200 | H54: =G54/'REKAP TOTAL'!F44 -> 0.00014287252
C55: Pengadaan dan pemasangan included hanger, klem, support dan
C56: perlengkapan penunjang lainnya.
C58: Instalasi Camera dan Kabel power ( COAXIAL CABLE RG 6 ) | D58: ttk | E58: =SUM(E54:E57) -> 2 | F58: 439350 | G58: =E58*F58 -> 878700 | H58: =G58/'REKAP TOTAL'!F44 -> 7.2266916e-05
C61: Total Pekerjaan Elektronik | G61: =SUM(G11:G60) -> 20370217 | H61: =G61/'REKAP TOTAL'!F44 -> 0.0016753076

Sheet KURVA-S
A1: SCHEDULE S CURVE
A4: PROYEK PENGEMBANGAN GENERAL REPAIR & BODY REPAIR DAIHATSU
A5: BATAM - KEPULAUAN RIAU
A7: NO | B7: URAIAN PEKERJAAN | E7: BOBOT | F7: TAHUN 2026 | AD7: KETERANGAN
E8: % | F8: APRIL | I8: MEI | M8: JUNI | Q8: JULI | V8: AGUSTUS | AA8: SEPTEMBER
F9: 1 | G9: 2 | H9: 3 | I9: 4 | J9: 5 | K9: 6 | L9: 7 | M9: 8 | N9: 9 | O9: 10 | P9: 11 | Q9: 12 | R9: 13 | S9: 14 | T9: 15 | U9: 16 | V9: 17 | W9: 18 | X9: 19 | Y9: 20 | Z9: 21 | AA9: 22 | AB9: 23 | AC9: 24
A10: I | B10: PEKERJAAN PERSIAPAN | E10: 10.12 | F10: 0.04 | G10: 0.08 | H10: 0.13 | I10: 0.3 | J10: 0.3 | K10: 0.42 | L10: 0.42 | M10: 0.42 | N10: 0.5 | O10: 0.5 | P10: 0.5 | Q10: 0.55 | R10: =Q10 -> 0.55 | S10: =R10 -> 0.55 | T10: =S10 -> 0.55 | U10: =T10 -> 0.55 | V10: =U10 -> 0.55 | W10: =V10 -> 0.55 | X10: =W10 -> 0.55 | Y10: =X10 -> 0.55 | Z10: =Y10 -> 0.55 | AA10: 0.42 | AB10: 0.38 | AC10: 0.21
A11: II | B11: PEKERJAAN LUAR
B12: A. | C12: PEKERJAAN BONGKARAN (General repair, Office, & show room) | E12: 0.81 | Q12: =E12/3 -> 0.27 | R12: =Q12 -> 0.27 | S12: =R12 -> 0.27
B13: B. | C13: PEKERJAAN SALURAN | E13: 2.26 | Q13: =E13/13 -> 0.17384615 | R13: =Q13 -> 0.17384615 | S13: =R13 -> 0.17384615 | T13: =S13 -> 0.17384615 | U13: =T13 -> 0.17384615 | V13: =U13 -> 0.17384615 | W13: =V13 -> 0.17384615 | X13: =W13 -> 0.17384615 | Y13: =X13 -> 0.17384615 | ... AC13: =AB13 -> 0.17384615
C14: ( Galian saluran Exa DT)
B15: C. | C15: PEKERJAAN PAVING BLOCK (Ex. Site body repair) | E15: 6.36 | H15: 0.034 | I15: 0.254 | J15: 0.764 | K15: =J15 -> 0.764 | L15: 0.953 | M15: =L15 -> 0.953 | N15: =M15 -> 0.953 | O15: =N15 -> 0.953 | P15: 0.734
C16: Perbaikan Stocyard & bongkar paving (Exa DT)
C17: Pemindahan paving existing (DT Baby Roller)
B18: D. | C18: PEKERJAAN LAIN LAIN IPAL, MARKA OIL TRAP & BAK SAMPAH | E18: 0.53 | X18: =E18/5 -> 0.106 | Y18: =X18 -> 0.106 | Z18: =Y18 -> 0.106 | AA18: =Z18 -> 0.106 | AB18: =AA18 -> 0.106
B19: E. | C19: PEKERJAAN MEKANIKAL | E19: 1.66 | R19: =E19/12 -> 0.13833333 | S19: =R19 -> 0.13833333 | T19: =S19 -> 0.13833333 | U19: =T19 -> 0.13833333 | V19: =U19 -> 0.13833333 | W19: =V19 -> 0.13833333 | X19: =W19 -> 0.13833333 | Y19: =X19 -> 0.13833333 | Z19: =Y19 -> 0.13833333 | ... AC19: =AB19 -> 0.13833333
B20: F. | C20: PEKERJAAN ELEKTRIKAL | E20: 1.89 | V20: =E20/8 -> 0.23625 | W20: =V20 -> 0.23625 | X20: =W20 -> 0.23625 | Y20: =X20 -> 0.23625 | Z20: =Y20 -> 0.23625 | AA20: =Z20 -> 0.23625 | AB20: =AA20 -> 0.23625 | AC20: =AB20 -> 0.23625
A21: III | B21: PEKERJAAN BANGUNAN BODY REPAIR
B22: A. | C22: PEKERJAAN STRUKTUR | E22: 50.37 | J22: 1.68 | K22: =J22 -> 1.68 | L22: =K22 -> 1.68 | M22: =L22 -> 1.68 | N22: 2.516 | O22: =N22 -> 2.516 | P22: 4.58 | Q22: =P22 -> 4.58 | R22: =Q22 -> 4.58 | S22: =R22 -> 4.58 | T22: =S22 -> 4.58 | U22: =T22 -> 4.58 | V22: 3.15 | W22: =V22 -> 3.15 | X22: =W22 -> 3.15 | Y22: 1.69
C23: Pekerjaan Pemasangan HSPD
C24: Pekerjaan galian, besi dan bekisting
C25: Pekerjaan pengecoran (truck mixer dan concrete pump)
C26: Pekerjaan baja, Mobil Crane
B27: B. | C27: PEKERJAAN ARSITEKTUR | E27: 13.8 | Q27: 1.15 | R27: =Q27 -> 1.15 | S27: =R27 -> 1.15 | T27: =S27 -> 1.15 | U27: =T27 -> 1.15 | V27: =U27 -> 1.15 | W27: =V27 -> 1.15 | X27: =W27 -> 1.15 | Y27: =X27 -> 1.15 | ... AB27: =AA27 -> 1.15
B28: C. | C28: PEKERJAAN MEKANIKAL | E28: 3.13 | S28: =E28/11 -> 0.28454545 | T28: =S28 -> 0.28454545 | U28: =T28 -> 0.28454545 | V28: =U28 -> 0.28454545 | W28: =V28 -> 0.28454545 | X28: =W28 -> 0.28454545 | Y28: =X28 -> 0.28454545 | Z28: =Y28 -> 0.28454545 | AA28: =Z28 -> 0.28454545 | ... AC28: =AB28 -> 0.28454545
B29: D. | C29: PEKERJAAN ELEKTRIKAL | E29: 3.86 | U29: =E29/9 -> 0.42888889 | V29: =U29 -> 0.42888889 | W29: =V29 -> 0.42888889 | X29: =W29 -> 0.42888889 | Y29: =X29 -> 0.42888889 | Z29: =Y29 -> 0.42888889 | AA29: =Z29 -> 0.42888889 | AB29: =AA29 -> 0.42888889 | AC29: =AB29 -> 0.42888889
B30: E. | C30: PEKERJAAN ELEKTRONIK | E30: 0.17 | Y30: 0.034 | Z30: =Y30 -> 0.034 | AA30: =Z30 -> 0.034 | AB30: =AA30 -> 0.034 | AC30: =AB30 -> 0.034
A31: IV | B31: PEKERJAAN BANGUNAN GENERAL REPAIR
B32: A. | C32: PEKERJAAN STRUKTUR | E32: 0.76 | S32: =E32/8 -> 0.095 | T32: =S32 -> 0.095 | U32: =T32 -> 0.095 | V32: =U32 -> 0.095 | W32: =V32 -> 0.095 | X32: =W32 -> 0.095 | Y32: =X32 -> 0.095 | Z32: =Y32 -> 0.095
B33: B. | C33: PEKERJAAN ARSITEKTUR | E33: 2.17 | T33: =E33/10 -> 0.217 | U33: =T33 -> 0.217 | V33: =U33 -> 0.217 | W33: =V33 -> 0.217 | X33: =W33 -> 0.217 | Y33: =X33 -> 0.217 | Z33: =Y33 -> 0.217 | AA33: =Z33 -> 0.217 | AB33: =AA33 -> 0.217 | AC33: =AB33 -> 0.217
B34: C. | C34: PEKERJAAN MEKANIKAL | E34: 0.23 | V34: =E34/8 -> 0.02875 | W34: =V34 -> 0.02875 | X34: =W34 -> 0.02875 | Y34: =X34 -> 0.02875 | Z34: =Y34 -> 0.02875 | AA34: =Z34 -> 0.02875 | AB34: =AA34 -> 0.02875 | AC34: =AB34 -> 0.02875
B35: D. | C35: PEKERJAAN ELEKTRIKAL | E35: 0.3 | W35: =E35/7 -> 0.042857143 | X35: =W35 -> 0.042857143 | Y35: =X35 -> 0.042857143 | Z35: =Y35 -> 0.042857143 | AA35: =Z35 -> 0.042857143 | AB35: =AA35 -> 0.042857143 | AC35: =AB35 -> 0.042857143
A36: V | B36: PEKERJAAN BANGUNAN OFFICE DAN SHOW ROOM
B37: A. | C37: PEKERJAAN ARSITEKTUR | E37: 1.11 | U37: =E37/9 -> 0.12333333 | V37: =U37 -> 0.12333333 | W37: =V37 -> 0.12333333 | X37: =W37 -> 0.12333333 | Y37: =X37 -> 0.12333333 | Z37: =Y37 -> 0.12333333 | AA37: =Z37 -> 0.12333333 | AB37: =AA37 -> 0.12333333 | AC37: =AB37 -> 0.12333333
B38: B. | C38: PEKERJAAN ELEKTRIKAL | E38: 0.11 | X38: =E38/5 -> 0.022 | Y38: =X38 -> 0.022 | Z38: =Y38 -> 0.022 | AA38: =Z38 -> 0.022 | AB38: =AA38 -> 0.022
A39: VI | B39: PEKERJAAN KONDISI EXISTING
B40: A. | C40: PEKERJAAN PEMBONGKARAN DAN PERBAIKAN | E40: 0.36 | M40: =E40/11 -> 0.032727273 | N40: =M40 -> 0.032727273 | O40: =N40 -> 0.032727273 | P40: =O40 -> 0.032727273 | Q40: =P40 -> 0.032727273 | R40: =Q40 -> 0.032727273 | S40: =R40 -> 0.032727273 | T40: =S40 -> 0.032727273 | U40: =T40 -> 0.032727273 | ... W40: =V40 -> 0.032727273
C41: Perbaikan paving depan, kebocoran dan perbaikan keramik
D42: PROGRES RENCANA (%) | E42: =SUM(E10:E41) -> 100 | F42: =SUM(F10:F41) -> 0.04 | G42: =SUM(G10:G41) -> 0.08 | H42: =SUM(H10:H41) -> 0.164 | I42: =SUM(I10:I41) -> 0.554 | J42: =SUM(J10:J41) -> 2.744 | K42: =SUM(K10:K41) -> 2.864 | L42: =SUM(L10:L41) -> 3.053 | ... AC42: =SUM(AC10:AC41) -> 1.9178043
D43: AKUMULASI PROGRES RENCANA (%) | F43: =F42 -> 0.04 | G43: =F43+G42 -> 0.12 | H43: =G43+H42 -> 0.284 | I43: =H43+I42 -> 0.838 | J43: =I43+J42 -> 3.582 | K43: =J43+K42 -> 6.446 | L43: =K43+L42 -> 9.499 | M43: =L43+M42 -> 12.584727 | N43: =M43+N42 -> 16.586455 | ... AC43: =AB43+AC42 -> 100.004
D44: PROGRES ACTUAL (%) | F44: 0.04 | G44: =G45-F45 -> 1.16 | H44: 0.18
D45: AKUMULASI PROGRES ACTUAL (%) | F45: =F44 -> 0.04 | G45: 1.2 | H45: =G45+H44 -> 1.38
D46: DEVIASI (%) | F46: =F43-F45 -> 0 | G46: =G45-G43 -> 1.08 | H46: =H45-H43 -> 1.096

Sheet DOKUMENTASI
B6: DOKUMENTASI FOTO PROGRESS
B8: Periode ke | D8: : | E8: 3
B9: Tanggal | D9: : | E9: 19 - 25 April 2026
B10: Proyek | D10: : | E10: PEKERJAAN PENGEMBANGAN GENERAL REPAIR DAN BODY REPAIR | J10: Deviasi periode lalu | K10: : | L10: 0 | R10: %
B11: Pemilik Proyek | D11: : | E11: DSO | J11: Akumulasi Progres Rencana | K11: : | L11: ='KURVA-S'!H43 -> 0.284 | R11: %
B12: Kontraktor | D12: : | E12: PT. ESPE KONTRAKTORINDO | J12: Akumulasi Progres Aktual | K12: : | L12: ='KURVA-S'!H45 -> 1.38 | R12: %
B13: No. SPK/SI | D13: : | J13: Deviasi | K13: : | L13: =L12-L11 -> 1.096 | R13: %
B27: Keterangan | D27: : | E27: Pagar Temporary | F27: Keterangan | I27: : Pagar Temporary
B28: Jenis Pekerjaan | D28: : | E28: Temporary | F28: Jenis Pekerjaan | I28: : Temporary
B29: Lokasi | D29: : | E29: Site | F29: Lokasi | I29: :Site
B42: Keterangan | D42: : | E42: Pagar Temporary | F42: Keterangan | I42: : Pos jaga
B43: Jenis Pekerjaan | D43: : | E43: Temporary | F43: Jenis Pekerjaan | I43: : Pos security
B44: Lokasi | D44: : | E44: Site | F44: Lokasi | I44: : Site
B57: Keterangan | D57: : | E57: Pekerjaan bongkar paving | F57: Keterangan | I57: Pekerjaan bongkar paving
B58: Jenis Pekerjaan | D58: : | E58: Paving | F58: Jenis Pekerjaan | I58: : Paving
B59: Lokasi | D59: : | E59: Area BR | F59: Lokasi | I59: : Area BR
B72: Keterangan | D72: : | E72: Pekerjaan cat direksi keet | F72: Keterangan | H72: : | I72: Pekerjaan cat direksi keet
B73: Jenis Pekerjaan | D73: : | E73: temporary | F73: Jenis Pekerjaan | H73: : | I73: temporary
B74: Lokasi | D74: : | E74: Site | F74: Lokasi | H74: : | I74: Site

Sheet Daftar Materil 
A1: DAFTAR SPESIFIKASI MATERIAL
A2: PEKERJAAN MEKANIKAL, ELEKTRIKAL & PLUMBING
A3: SHOWROOM & WORKSHOP DSO CABANG BATAM
A5: NO | B5: ITEM | C5: MERK | D5: TYPE | E5: KETERANGAN
A6: A. | B6: ELEKTRIKAL
A7: 1 | B7: Panel Listrik TR
B8: - Box Panel | C8: Simetri, Tekindo, Dutapanel, | D8: Free Standing, Wall mounting
C9: Gapura, Anugrah (ATS)
A10: 2 | B10: KOMPOSISI PANEL
B11: - MCB, MCCB | C11: ABB, TERASAKI | D11: Variasi
B12: - UVR | C12: ABB / Terasaki
B13: - Contactor | C13: Telemechanique
B14: - NH Fuse | C14: ABB / Terasaki
B15: - Timer switch | C15: MG (Zelio)
B16: - COS/Change Over Switch | C16: Socomec
B17: - terminal & accessories | C17: krone
B18: - Relay | C18: Omron, Schneider , Mikro
B19: - Power Meter | C19: ABB , Mikro
B20: - Arrester | C20: ABB, Novaris
A22: 3 | B22: ALAT UKUR PANEL
B23: - KWH meter | C23: TERRA
B24: - KW meter | C24: MG /Mikro
B25: - Amperemeter | C25: MG /Mikro
B26: - Voltmeter | C26: MG /Mikro
B27: - Frequency meter | C27: MG /Mikro
B28: - COS Phi meter | C28: MG /Mikro
A30: 4 | B30: Saklar | C30: MK, Clipsal (Vivace)
A32: 5 | B32: Stop kontak | C32: MK, Clipsal (Vivace)
B33: Normal = White
B34: Ups = Black
A35: ,
A36: 6 | B36: Lampu
B37: - Komponen | C37: Philips | D37: Variasi | E37: setiap lampu dilengkapi dgn
B38: - Housing | C38: Philips, dazz, Artolite | D38: Lokal | E38: kapasitor
A40: 7 | B40: Kabel Daya | C40: (4 besar) | D40: NYY, NYM, NYFGBY | E40: Supreme, Kabel metal,
E41: Kabelindo & tranka
A42: 8 | B42: Konduit | C42: Clipsal, EGA | D42: PVC High Impact dia.20
A43: 9 | B43: Genset | C43: FG Wilson, Perkins | E43: By owner
A44: 10 | B44: Kabel rack | C44: Tree Star, Tri abadi | D44: Hotdip Galvanis
A45: 11 | B45: Penangkal Petir | C45: Bakiral | D45: Elektrostatis radius min. 60 m | E45: Tinggi sesuai gambar
A48: D. | B48: FIRE ALARM
A49: 1 | B49: Fire Alarm | C49: Simplex, Nohmi, Edward | D49: Konventioanl
A51: 2 | B51: Kabel | C51: (4 besar) | D51: NYA | E51: Tranka, Kabel metal, Supreme
E52: & Kabelindo
A53: 3 | B53: Konduit | C53: Clipsal, EGA | D53: PVC High Impact dia.20
A54: 4 | B54: Terminal Box | C54: Lokal | D54: LSA
A56: E. | B56: TATA SUARA
A57: 1 | B57: Ceiling spekaer | C57: TOA | D57: Lokal
B58: Horn Speakaer
B59: Power AMPLIFIER
A60: 2 | B60: Rack | C60: EX. Metal | D60: Lokal
A61: 3 | B61: Kabel | C61: (4 besar) | D61: NYMHY | E61: Tranka, Kabel metal, Supreme
E62: & Kabelindo
A63: 4 | B63: Terminal Box | C63: Lokal
A64: 5 | B64: Konduit | C64: Clipsal, EGA | D64: PVC High Impact dia.20
A66: G. | B66: CCTV
A67: 1 | B67: Camera CCTV (Outdoor dan Indoor) | C67: Hunteg, hikvision, dahua | D67: IP Digital
A68: 2 | B68: Monitor | C68: LG
A69: 3 | B69: Kabel | C69: Telegarner/SYSTIMAX / Belden | D69: Coaxial
A70: 4 | B70: Konduit | C70: Clipsal, EGA | D70: PVC High Impact dia.20
A72: G. | B72: AIR CONDITIONING
A73: 1 | B73: Fan | C73: Panasonic, KDK | D73: Ceiling / Wall / Axial | E73: by owner
A74: 2 | B74: Air Conditioning (AC) | C74: Panasonic, Daikin | D74: Split Wall / Cassette
B75: Inverter
A76: 3 | B76: Pipa Refrigerant | C76: Elgin, Denji | D76: Class L
A77: 4 | B77: Isolasi Pipa Refrigerant | C77: Insuflex, Aerolfex | D77: Variasi | E77: Isolasi 25 mm, density 24 kg/m3
A78: 5 | B78: Pipa Drain | C78: Wavin | D78: AW
A79: 6 | B79: Isolasi pipa drain | C79: Insuflex, Aerolfex | D79: Variasi | E79: Isolasi 19 mm, density16 kg/m3
A81: H. | B81: PLUMBING
A82: 1 | B82: Jet Pump | C82: Groundfous, Ebara, Sanyo
A83: 2 | B83: Lift Pump | C83: Groundfous, Ebara
A84: 3 | B84: Priming Tank | C84: Pinguin | D84: Fibre
A85: 4 | B85: Roof tank | C85: Pinguin | D85: Fibre
A86: 5 | B86: Mini STP | C86: Biohome/Biomaster | D86: Blower
A87: 6 | B87: Pipa air bersih | C87: Rucika | D87: 10 k
A88: 7 | B88: Fitting pipa Rucika | C88: Ricon
A89: 8 | B89: Gate Valve | C89: Toyo, Kitz | D89: Class 10 K
A90: 9 | B90: Check Valve | C90: Toyo, Kitz | D90: Class 10 K
A91: 10 | B91: Strainer 10 K | C91: Toyo, Kitz
A92: 11 | B92: Flexible joint,10 K | C92: Tozen
A93: 12 | B93: Foot Valve | C93: Mizu
A94: 13 | B94: Pipa air kotor | C94: Wavin | D94: AW
A95: 14 | B95: Pipa air bekas | C95: Wavin | D95: AW
A96: 15 | B96: Pipa air hujan | C96: Wavin | D96: AW
A97: 16 | B97: Pipa Venting | C97: Wavin | D97: D
A98: 17 | B98: Fitting fitting | C98: Rucika | D98: AW
A99: 18 | B99: Roof Drain | C99: batur | D99: Lokal | E99: Cast Iron
A100: 19 | B100: Floor Drain | C100: San-ei
A101: 20 | B101: Pipa Compressor | C101: Bakrie, PPI, Spindo | D101: GIP medium
A102: 21 | B102: Filter (sand dan carbon) | C102: Yamaha, Kimia Sakti
A104: I. | B104: PEMADAM KEBAKARAN
A106: 1 | B106: Hydrant main fire pump Electric | C106: Fairbanks, Wilo, SPP | D106: Type : Centrifugal End Suction Volute
B107: (NFPA-20 Standard) | D107: Matrial : Cast Iron Case, Bronze Impeller,
D108: Carbon Steel Shaft
D109: Enclosure : TEFC ( Totally Enclosure Fan Closed )
D110: Motor : Elektrim/Titan
A112: 2 | B112: Hydrant main fire pump diesel | C112: Fairbanks, Wilo, SPP | D112: Type : Centrifugal End Suction Volute
B113: (NFPA-20 Standard) | D113: Matrial : Cast Iron Case, Bronze Impeller,
D114: Carbon Steel Shaft
D115: Enclosure : TEFC ( Totally Enclosure Fan Closed )
...

Sheet INTERIOR-SHOWROOM
A1: BILL OF QUANTITY
A2: PROYEK SHOWROOM & WORKSHOP
A3: DAIHATSU SALES OPERATION Cabang MANADO
A4: PT. ASTRA INTERNATIONAL Tbk
A7: NO | C7: URAIAN PEKERJAAN | D7: SAT | E7: VOLUME | F7: HARGA SAT | G7: JUMLAH
F8: ( Rp. ) | G8: ( Rp. )
C10: REKAPITULASI
A12: III | C12: PEKERJAAN BANGUNAN SHOWROOM
A14: =A24 -> 1 | C14: PEKERJAAN INTERIOR
A16: =A26 -> A | C16: =C26 -> PEKERJAAN BACKDROP | G16: =G228 -> 6.3681015e+08
A17: =A230 -> B | C17: =C230 -> PEKERJAAN PELAPIS DINDING | G17: =G239 -> 0
A18: =A241 -> C | C18: =C241 -> PEKERJAAN LAIN-LAIN | G18: =G245 -> 0
C20: JUMLAH PEKERJAAN INTERIOR | G20: =SUM(G16:G18) -> 6.3681015e+08
A24: 1 | C24: PEKERJAAN ARSITEKTUR
A26: A | C26: PEKERJAAN BACKDROP
A28: 1 | C28: Backdrop logo, ukuran 5000 x 6300 mm (J1) | D28: Unit | E28: =1 -> 1 | F28: =(5*6.3*1250000) -> 39375000 | G28: =E28*F28 -> 39375000
C29: • galvanized hollow steel frame 40 x 40 x 0.8 mm
C30: • cornice aluminum U channel 12 x 12 x 1 mm fin. silver anodized
C31: • plywood 12 mm fin. Laminate (LM-1) + Graphic poster (by FA)
C32: • skirting, h = 100 mm stainless steel plate 1,2 mm fin. hairline base on plywood 9 mm
A34: =A28+1 -> 2 | C34: Backdrop chasier, ukuran 3023x2800 cm (J2) | D34: Unit | E34: =1 -> 1 | F34: =(3.023*2.8*1250000) -> 10580500 | G34: =E34*F34 -> 10580500
C35: • galvanized hollow steel frame 40 x 40 x 0.8 mm
C36: • cornice aluminum U channel 12 x 12 x 1 mm fin. silver anodized
C37: • plywood 12 mm fin. Laminate tipe 2 (LM-2) + Nat 3 mm fin. duco col. match to laminate
C38: • skirting, h = 100 mm stainless steel plate 1,2 mm fin. hairline base on plywood 9 mm
C39: • exclude camouflage door
A41: =A34+1 -> 3 | C41: Backdrop service advisor 1, ukuran 2300x2800 mm (J3A) | D41: Unit | E41: =1 -> 1 | F41: =(2.3*2.8*1250000) -> 8050000 | G41: =E41*F41 -> 8050000
C42: • galvanized hollow steel frame 40 x 40 x 0.8 mm
C43: • cornice aluminum U channel 12 x 12 x 1 mm fin. silver anodized
C44: • plywood 12 mm fin. Laminate tipe 2 (LM-2) + Nat 3 mm fin. duco col. match to laminate.
C45: • skirting, h = 100 mm stainless steel plate 1,2 mm fin. hairline base on plywood 9 mm
C46: • exclude service advisor credenza (by furniture).
A48: =A41+1 -> 4 | C48: Backdrop service advisor 2, ukuran 3600 x 2800 mm (J3B) | D48: Unit | E48: =1 -> 1 | F48: =(3.6*2.8*1250000) -> 12600000 | G48: =E48*F48 -> 12600000
C49: • galvanized hollow steel frame 40 x 40 x 0.8 mm
C50: • cornice aluminum U channel 12 x 12 x 1 mm fin. silver anodized
C51: • plywood 12 mm fin. Laminate (LM-1) + Graphic poster (by FA),
C52: • channel letter : cutting laser stainless steel fin. Hairline.
C53: • built-in bench : Plywood fin. Laminate (LM-3), upholistry : Plywood + Foam 8cm
C54: fin. Fabric col. Blue
C55: • skirting, h = 100 mm stainless steel plate 1,2 mm fin. hairline base on plywood 9 mm
C56: • TV promo 46” + bracket = 1 unit
A58: =A48+1 -> 5 | C58: Glassboard (typical) ukuran 2200 x 1200 mm (J4) | D58: Unit | E58: =1+1+1+1 -> 4 | F58: =(2.2*1.2*1250000) -> 3300000 | G58: =E58*F58 -> 13200000
C59: • galvanized hollow steel frame 40 x 40 x 0.8 mm
C60: • white painted glass (PG) base on plywood 12mm fin. laminate (LM-1) + spidol tray.
A62: =A58+1 -> 6 | C62: Backdrop KABENG Room, ukuran 3300 x 2800 mm (J5) | D62: Unit | E62: =1 -> 1 | F62: =(3.3*2.8*1250000) -> 11550000 | G62: =E62*F62 -> 11550000
C63: • galvanized hollow steel frame 40 x 40 x 0.8 mm
C64: • cornice aluminum U channel 12 x 12 x 1 mm fin. silver anodized
C65: • plywood 12 mm fin. Laminate tipe 2 (LM-2) + Nat 3 mm fin. duco col. match to laminate.
C66: • skirting, h = 100 mm stainless steel plate 1,2 mm fin. hairline base on plywood 9 mm
C67: • exclude artwork (AW)
A69: =A62+1 -> 7 | C69: Backdrop mural canteen, ukuran 10244 x 2800 mm (J6) | D69: Unit | E69: =1 -> 1 | F69: =(10.244*2.8*1250000) -> 35854000 | G69: =E69*F69 -> 35854000
C70: • galvanized hollow steel frame 40 x 40 x 0.8 mm
C71: • cornice aluminum U channel 12 x 12 x 1 mm fin. silver anodized
C72: • gypsum partition 12 mm fin. Wall paint col. white (PT-1)
C73: • Mural Art. Finish wall paint col. Orange & black
C74: • skirting, h = 100 mm stainless steel plate 1,2 mm fin. hairline base on plywood 9 mm
A76: =A69+1 -> 8 | C76: Backdrop TV canteen, ukuran 2000 x 2800 mm (J7) | D76: Unit | E76: =1 -> 1 | F76: =2*2.8*1250000 -> 7000000 | G76: =E76*F76 -> 7000000
C77: • galvanized hollow steel frame 40 x 40 x 0.8 mm
C78: • cornice aluminum U channel 12 x 12 x 1 mm fin. silver anodized
C79: • plywood 12 mm fin. Laminate tipe 2 (LM-2) + Nat 3 mm fin. duco col. match to laminate.
C80: • skirting, h = 100 mm stainless steel plate 1,2 mm fin. hairline base on plywood 9 mm
C81: • TV 32” + bracket = 1 unit
A83: =A76+1 -> 9 | C83: Mihrab mushola, ukuran 1200 x 2800 mm (J8) | D83: Unit | E83: =1 -> 1 | F83: =1.2*2.8*1250000 -> 4200000 | G83: =E83*F83 -> 4200000
C84: size. 1200 x 2800 mm - check on site
C85: • galvanized hollow steel frame 40 x 40 x 0.8 mm
C86: • cornice aluminum U channel 12 x 12 x 1 mm fin. silver anodized
C87: • plywood 12 mm fin. Laminate tipe 2 (LM-2) + Nat 3 mm fin. duco col. match to laminate.
C88: • lafadz ﷲ , Stainless steel channel letter with hidden lamp col. Warm white.
C89: • hidden lamp LED strip col. warm white
C90: • skirting, h = 100 mm stainless steel plate 1,2 mm fin. hairline base on plywood 9 mm
A92: =A83+1 -> 10 | C92: Backdrop ADH Room (2side) ukuran 4300 x 3000 mm (J9) | D92: Unit | E92: =1 -> 1 | F92: =4.3*3*1250000 -> 16125000 | G92: =E92*F92 -> 16125000
C93: • galvanized hollow steel frame 40 x 40 x 0.8 mm
C94: • cornice aluminum U channel 12 x 12 x 1 mm fin. silver anodized
C95: • plywood 12 mm fin. Laminate tipe 2 (LM-2) + Nat 3 mm fin. duco col. match to laminate.
C96: • skirting, h = 100 mm stainless steel plate 1,2 mm fin. hairline base on plywood 9 mm
C97: • exclude glass door + glass partition 12 mm size. 1500 x 2400mm
A99: =A92+1 -> 11 | C99: Backdrop waiting area, ukuran 8500 x 3800 mm (J10) | D99: Unit | E99: =1 -> 1 | F99: =8.5*3.8*1250000 -> 40375000 | G99: =E99*F99 -> 40375000
C100: size. 8500 x 3800 mm - check on site
C101: • galvanized hollow steel frame 40 x 40 x 0.8 mm
C102: • cornice aluminum U channel 12 x 12 x 1 mm fin. silver anodized
C103: • plywood 12 mm fin. Duco paint col. Dark grey. Nat fin. Duco paint col. Dark grey.
C104: • channel letter : milky acrylic 3mm + LED lighted.
C105: • skirting, h = 100 mm stainless steel plate 1,2 mm fin. hairline base on plywood 9 mm
A107: =A99+1 -> 12 | C107: Backdrop discuss area, ukuran 5533x3800 mm (J11) | D107: Unit | E107: =1 -> 1 | F107: =5.533*3.8*1250000 -> 26281750 | G107: =E107*F107 -> 26281750
C108: • galvanized hollow steel frame 40 x 40 x 0.8 mm
C109: • cornice aluminum U channel 12 x 12 x 1 mm fin. silver anodized
C110: • gypsum partition 12 mm fin. Wall paint col. Blue (PT-2)
C111: • plywood 12 mm fin. Laminate (LM-1) + Graphic poster (by FA) +
C112: aksen plywood 9 mm fin, duco paint col. Black blue yellow
C113: • built-in bench : Plywood fin. Laminate (LM-3), upholistry : Plywood + Foam 8cm
C114: fin. Fabric col. Orange.
C115: • skirting, h = 100 mm stainless steel plate 1,2 mm fin. hairline base on plywood 9 mm
A117: =A107+1 -> 13 | C117: Backdrop sales area, ukuran 11270 x 3800 mm (J12) | D117: Unit | E117: =1 -> 1 | F117: =11.27*3.8*1250000 -> 53532500 | G117: =E117*F117 -> 53532500
C118: • galvanized hollow steel frame 40 x 40 x 0.8 mm
C119: • cornice aluminum U channel 12 x 12 x 1 mm fin. silver anodized
C120: • plywood 12 mm fin. Laminate (LM-1) + Graphic poster (by FA) +
C121: aksen plywood 9 mm fin, duco paint col. Black blue yellow
C122: • logo & channel letter cutting laser steel plate 3mm fin. Duco paint color red and blue
C123: (match to color identity) + LED Lighted.
C124: • skirting, h = 100 mm stainless steel plate 1,2 mm fin. hairline base on plywood 9 mm
...
